Symbol,Series,Date,Prev Close,Open Price,High Price,Low Price,Last Price,Close Price,Average Price,Total Traded Quantity,Turnover,No. of Trades,Deliverable Qty,% Dly Qt to Traded Qty,Date_new,month,Day_Perc_Change,Trend
HDFCBANK,EQ,15-May-2017,1551.65,1550.0,1557.2,1542.25,       1553.00,1553.4,1550.73,701195,1087367599.8,15104,309282,44.11,2017-05-15,May-2017,0.0,Slight or No Change
HDFCBANK,EQ,16-May-2017,1553.4,1555.0,1562.0,1548.25,       1561.85,1559.65,1555.11,897594,1395856787.25,21073,347734,38.74,2017-05-16,May-2017,0.4023432470709354,Slight or No Change
HDFCBANK,EQ,17-May-2017,1559.65,1558.8,1565.4,1551.5,       1557.50,1557.15,1557.51,868118,1352102516.9,32732,367931,42.38,2017-05-17,May-2017,-0.1602923732888839,Slight or No Change
HDFCBANK,EQ,18-May-2017,1557.15,1549.0,1561.5,1548.1,       1557.50,1557.1,1556.99,776820,1209499656.15,13648,518101,66.7,2017-05-18,May-2017,-0.0032109944449909555,Slight or No Change
HDFCBANK,EQ,19-May-2017,1557.1,1559.5,1569.9,1545.25,       1568.05,1561.25,1556.93,713534,1110925609.25,18458,296680,41.58,2017-05-19,May-2017,0.2665210969109211,Slight or No Change
HDFCBANK,EQ,22-May-2017,1561.25,1565.1,1580.0,1563.1,       1579.00,1576.0,1572.46,715013,1124331912.15,24974,413491,57.83,2017-05-22,May-2017,0.9447558046437043,Slight Positive
HDFCBANK,EQ,23-May-2017,1576.0,1580.0,1583.55,1565.0,       1569.00,1569.1,1575.09,770043,1212889747.95,17873,489628,63.58,2017-05-23,May-2017,-0.4378172588832552,Slight or No Change
HDFCBANK,EQ,24-May-2017,1569.1,1569.05,1575.45,1562.0,       1567.00,1566.75,1566.76,866847,1358143699.6,34901,615909,71.05,2017-05-24,May-2017,-0.14976738257599376,Slight or No Change
HDFCBANK,EQ,25-May-2017,1566.75,1567.1,1629.4,1567.1,       1613.25,1617.15,1605.26,5022701,8062757340.0,60075,3585041,71.38,2017-05-25,May-2017,3.216850167544294,Among Top Gainers
HDFCBANK,EQ,26-May-2017,1617.15,1606.65,1632.0,1601.1,       1623.00,1626.0,1617.56,1360789,2201159155.0,31085,754482,55.44,2017-05-26,May-2017,0.5472590668769151,Slight Positive
HDFCBANK,EQ,29-May-2017,1626.0,1619.8,1648.0,1617.65,       1626.65,1631.9,1634.94,1479085,2418209870.85,48257,924191,62.48,2017-05-29,May-2017,0.3628536285362971,Slight or No Change
HDFCBANK,EQ,30-May-2017,1631.9,1630.0,1633.5,1616.15,       1631.40,1629.05,1622.75,1108546,1798890005.0,26377,592343,53.43,2017-05-30,May-2017,-0.17464305410871406,Slight or No Change
HDFCBANK,EQ,31-May-2017,1629.05,1625.0,1643.0,1623.15,       1640.00,1636.2,1631.48,1329728,2169429926.8,18717,926698,69.69,2017-05-31,May-2017,0.4389061109235426,Slight or No Change
HDFCBANK,EQ,01-Jun-2017,1636.2,1639.0,1639.85,1620.55,       1627.00,1628.6,1630.91,839885,1369779680.1,21114,481729,57.36,2017-06-01,Jun-2017,-0.4644908935338088,Slight or No Change
HDFCBANK,EQ,02-Jun-2017,1628.6,1634.0,1646.1,1626.2,       1631.85,1634.25,1636.04,803386,1314369622.75,17867,390838,48.65,2017-06-02,Jun-2017,0.3469237381800383,Slight or No Change
HDFCBANK,EQ,05-Jun-2017,1634.25,1633.7,1638.95,1625.0,       1638.50,1635.55,1633.27,724975,1184083532.85,14700,327218,45.14,2017-06-05,Jun-2017,0.0795471929019298,Slight or No Change
HDFCBANK,EQ,06-Jun-2017,1635.55,1635.0,1643.8,1630.0,       1639.00,1638.95,1638.5,1250658,2049200642.3,14396,921531,73.68,2017-06-06,Jun-2017,0.20788114090062315,Slight or No Change
HDFCBANK,EQ,07-Jun-2017,1638.95,1640.4,1644.9,1630.35,       1641.30,1640.8,1638.26,638569,1046138986.8,28344,447948,70.15,2017-06-07,Jun-2017,0.112877146953827,Slight or No Change
HDFCBANK,EQ,08-Jun-2017,1640.8,1643.9,1659.4,1641.65,       1643.60,1644.75,1648.3,1062192,1750808057.65,25728,582580,54.85,2017-06-08,Jun-2017,0.24073622623110857,Slight or No Change
HDFCBANK,EQ,09-Jun-2017,1644.75,1640.1,1670.0,1640.1,       1669.90,1666.8,1660.39,1326318,2202209561.65,41645,878389,66.23,2017-06-09,Jun-2017,1.3406292749657878,Positve
HDFCBANK,EQ,12-Jun-2017,1666.8,1664.0,1676.0,1660.0,       1666.00,1668.75,1666.54,992853,1654628890.15,40006,658975,66.37,2017-06-12,Jun-2017,0.11699064074874865,Slight or No Change
HDFCBANK,EQ,13-Jun-2017,1668.75,1661.75,1691.9,1661.0,       1674.00,1676.7,1680.14,1262905,2121860290.15,37080,831771,65.86,2017-06-13,Jun-2017,0.47640449438202115,Slight or No Change
HDFCBANK,EQ,14-Jun-2017,1676.7,1675.0,1679.95,1667.0,       1672.85,1671.2,1672.03,964590,1612824040.55,27840,714323,74.05,2017-06-14,Jun-2017,-0.3280252877676415,Slight or No Change
HDFCBANK,EQ,15-Jun-2017,1671.2,1668.0,1675.6,1653.6,       1665.00,1664.35,1662.08,881673,1465414452.25,17284,530656,60.19,2017-06-15,Jun-2017,-0.40988511249402393,Slight or No Change
HDFCBANK,EQ,16-Jun-2017,1664.35,1665.0,1674.7,1658.1,       1667.00,1669.25,1665.86,938776,1563872404.55,18765,583858,62.19,2017-06-16,Jun-2017,0.2944092288280853,Slight or No Change
HDFCBANK,EQ,19-Jun-2017,1669.25,1671.0,1696.0,1668.4,       1690.70,1692.9,1683.38,956383,1609958237.65,26370,581131,60.76,2017-06-19,Jun-2017,1.416803953871515,Positve
HDFCBANK,EQ,20-Jun-2017,1692.9,1690.0,1694.0,1679.85,       1681.55,1686.55,1686.31,915066,1543084685.5,22817,675274,73.8,2017-06-20,Jun-2017,-0.3750959891310801,Slight or No Change
HDFCBANK,EQ,21-Jun-2017,1686.55,1682.6,1701.25,1679.6,       1696.90,1698.7,1692.56,852733,1443298486.5,13383,435777,51.1,2017-06-21,Jun-2017,0.7204055616495175,Slight Positive
HDFCBANK,EQ,22-Jun-2017,1698.7,1694.95,1716.0,1691.2,       1699.00,1698.0,1705.36,1668865,2846016910.1,47395,870934,52.19,2017-06-22,Jun-2017,-0.041207982574908986,Slight or No Change
HDFCBANK,EQ,23-Jun-2017,1698.0,1702.0,1702.75,1675.2,       1681.10,1678.65,1684.39,1304367,2197062163.5,40032,835308,64.04,2017-06-23,Jun-2017,-1.1395759717314435,Negative
HDFCBANK,EQ,27-Jun-2017,1678.65,1689.0,1695.0,1656.25,       1667.55,1667.65,1673.41,1500108,2510290432.5,41978,966813,64.45,2017-06-27,Jun-2017,-0.6552884758585731,Slight Negative
HDFCBANK,EQ,28-Jun-2017,1667.65,1665.0,1675.0,1657.8,       1666.50,1666.45,1666.08,1112259,1853114829.75,33276,759351,68.27,2017-06-28,Jun-2017,-0.07195754504842888,Slight or No Change
HDFCBANK,EQ,29-Jun-2017,1666.45,1667.0,1681.9,1651.1,       1655.00,1663.05,1666.21,2296927,3827159036.6,41505,1515335,65.97,2017-06-29,Jun-2017,-0.20402652344805317,Slight or No Change
HDFCBANK,EQ,30-Jun-2017,1663.05,1653.8,1660.0,1643.0,       1654.85,1652.05,1654.33,1082608,1790989876.0,20154,686217,63.39,2017-06-30,Jun-2017,-0.6614353146327523,Slight Negative
HDFCBANK,EQ,03-Jul-2017,1652.05,1652.6,1667.5,1647.25,       1660.00,1658.6,1658.07,876083,1452603241.7,29692,555332,63.39,2017-07-03,Jul-2017,0.39647710420387394,Slight or No Change
HDFCBANK,EQ,04-Jul-2017,1658.6,1660.25,1666.7,1652.0,       1653.00,1653.35,1656.45,941520,1559578817.2,29651,629966,66.91,2017-07-04,Jul-2017,-0.31653201495236427,Slight or No Change
HDFCBANK,EQ,05-Jul-2017,1653.35,1653.1,1659.5,1645.0,       1647.15,1648.75,1651.02,1003550,1656877513.35,33969,745305,74.27,2017-07-05,Jul-2017,-0.2782230017842502,Slight or No Change
HDFCBANK,EQ,06-Jul-2017,1648.75,1652.55,1663.0,1651.35,       1658.95,1658.15,1658.74,1142919,1895807617.7,36276,826102,72.28,2017-07-06,Jul-2017,0.5701288855193276,Slight Positive
HDFCBANK,EQ,07-Jul-2017,1658.15,1660.85,1669.6,1658.0,       1665.00,1667.2,1663.38,1379349,2294376290.9,34523,989181,71.71,2017-07-07,Jul-2017,0.5457889816964601,Slight Positive
HDFCBANK,EQ,10-Jul-2017,1667.2,1670.7,1748.0,1661.05,       1674.00,1676.35,1674.39,334769,560535368.7,6377,189620,56.64,2017-07-10,Jul-2017,0.5488243761996081,Slight Positive
HDFCBANK,EQ,11-Jul-2017,1676.35,1677.55,1690.8,1667.1,       1676.15,1680.4,1681.6,1102570,1854082214.5,46609,683669,62.01,2017-07-11,Jul-2017,0.24159632534972442,Slight or No Change
HDFCBANK,EQ,12-Jul-2017,1680.4,1680.0,1685.0,1658.55,       1680.55,1681.25,1675.45,1434723,2403800089.65,39173,807682,56.3,2017-07-12,Jul-2017,0.05058319447750481,Slight or No Change
HDFCBANK,EQ,13-Jul-2017,1681.25,1688.0,1693.3,1679.65,       1681.05,1683.55,1687.47,1120251,1890389586.05,38013,794284,70.9,2017-07-13,Jul-2017,0.13680297397768992,Slight or No Change
HDFCBANK,EQ,14-Jul-2017,1683.55,1683.9,1686.05,1672.0,       1682.00,1679.95,1677.65,610813,1024730172.4,19545,245408,40.18,2017-07-14,Jul-2017,-0.2138338629681269,Slight or No Change
HDFCBANK,EQ,17-Jul-2017,1679.95,1682.55,1687.65,1677.0,       1685.00,1682.35,1681.96,599835,1008899560.35,15125,382911,63.84,2017-07-17,Jul-2017,0.1428613946843571,Slight or No Change
HDFCBANK,EQ,18-Jul-2017,1682.35,1679.7,1687.85,1677.35,       1685.00,1683.55,1683.26,580547,977209674.65,20192,275144,47.39,2017-07-18,Jul-2017,0.07132879602935738,Slight or No Change
HDFCBANK,EQ,19-Jul-2017,1683.55,1685.0,1696.2,1681.85,       1691.40,1692.3,1691.79,996811,1686392425.5,23454,496495,49.81,2017-07-19,Jul-2017,0.5197350836031012,Slight Positive
HDFCBANK,EQ,20-Jul-2017,1692.3,1693.9,1715.0,1688.15,       1712.00,1710.9,1701.51,924619,1573246423.25,29260,475755,51.45,2017-07-20,Jul-2017,1.0990959049813842,Positve
HDFCBANK,EQ,21-Jul-2017,1710.9,1714.1,1715.25,1700.0,       1703.25,1703.05,1708.42,968377,1654392958.35,21353,438841,45.32,2017-07-21,Jul-2017,-0.45882284177919397,Slight or No Change
HDFCBANK,EQ,24-Jul-2017,1703.05,1710.0,1740.0,1695.0,       1736.20,1735.1,1722.12,4919544,8472024384.4,120635,1776089,36.1,2017-07-24,Jul-2017,1.881917735826888,Positve
HDFCBANK,EQ,25-Jul-2017,1735.1,1759.0,1759.0,1733.05,       1735.85,1739.65,1746.35,2790117,4872510632.75,58567,1401306,50.22,2017-07-25,Jul-2017,0.2622327243386735,Slight or No Change
HDFCBANK,EQ,26-Jul-2017,1739.65,1742.0,1755.0,1732.5,       1751.25,1747.55,1743.52,973836,1697904581.95,30206,460853,47.32,2017-07-26,Jul-2017,0.4541143333429032,Slight or No Change
HDFCBANK,EQ,27-Jul-2017,1747.55,1756.0,1798.8,1751.55,       1785.10,1789.65,1783.31,4490428,8007829721.7,53641,2776563,61.83,2017-07-27,Jul-2017,2.409087007524824,Positve
HDFCBANK,EQ,28-Jul-2017,1789.65,1772.0,1786.5,1761.1,       1774.40,1778.5,1773.42,2313849,4103424871.75,75518,1381677,59.71,2017-07-28,Jul-2017,-0.6230268488251922,Slight Negative
HDFCBANK,EQ,31-Jul-2017,1778.5,1777.55,1791.0,1766.55,       1782.00,1784.4,1778.4,1842285,3276319757.45,29449,1101211,59.77,2017-07-31,Jul-2017,0.33174023053135215,Slight or No Change
HDFCBANK,EQ,01-Aug-2017,1784.4,1781.85,1809.15,1772.2,       1806.00,1797.2,1787.29,2129215,3805526020.35,39634,1331147,62.52,2017-08-01,Aug-2017,0.7173279533736698,Slight Positive
HDFCBANK,EQ,02-Aug-2017,1797.2,1807.0,1807.0,1782.05,       1789.40,1791.65,1793.32,1849479,3316710577.8,28704,1073262,58.03,2017-08-02,Aug-2017,-0.3088137102158939,Slight or No Change
HDFCBANK,EQ,03-Aug-2017,1791.65,1788.0,1792.0,1774.4,       1777.00,1779.95,1784.16,1064196,1898691929.45,40189,532455,50.03,2017-08-03,Aug-2017,-0.6530293305054058,Slight Negative
HDFCBANK,EQ,04-Aug-2017,1779.95,1777.0,1796.75,1766.15,       1788.00,1790.25,1783.23,886267,1580414900.5,27909,492301,55.55,2017-08-04,Aug-2017,0.5786679401106776,Slight Positive
HDFCBANK,EQ,07-Aug-2017,1790.25,1786.0,1796.45,1785.0,       1788.95,1788.55,1788.9,479665,858070796.5,23375,258332,53.86,2017-08-07,Aug-2017,-0.09495880463622486,Slight or No Change
HDFCBANK,EQ,08-Aug-2017,1788.55,1792.1,1797.25,1766.1,       1776.20,1777.9,1777.66,1008843,1793381528.15,22100,480607,47.64,2017-08-08,Aug-2017,-0.5954544183836008,Slight Negative
HDFCBANK,EQ,09-Aug-2017,1777.9,1771.0,1777.05,1758.35,       1764.85,1764.45,1765.73,817514,1443509253.85,28969,367123,44.91,2017-08-09,Aug-2017,-0.7565104899038166,Slight Negative
HDFCBANK,EQ,10-Aug-2017,1764.45,1760.0,1766.0,1752.85,       1759.90,1760.45,1759.88,1947111,3426688670.75,25032,824172,42.33,2017-08-10,Aug-2017,-0.226699538099695,Slight or No Change
HDFCBANK,EQ,11-Aug-2017,1760.45,1745.0,1758.0,1731.15,       1751.55,1749.05,1745.33,1589959,2775004879.35,44760,933883,58.74,2017-08-11,Aug-2017,-0.6475617029736758,Slight Negative
HDFCBANK,EQ,14-Aug-2017,1749.05,1753.0,1774.95,1748.0,       1756.00,1757.2,1763.29,894271,1576861460.0,29948,381974,42.71,2017-08-14,Aug-2017,0.46596723935852236,Slight or No Change
HDFCBANK,EQ,16-Aug-2017,1757.2,1762.35,1789.8,1748.55,       1780.00,1781.25,1771.34,1106708,1960350803.55,33007,548143,49.53,2017-08-16,Aug-2017,1.3686546778966413,Positve
HDFCBANK,EQ,17-Aug-2017,1781.25,1776.25,1780.95,1753.75,       1768.00,1765.4,1770.23,1363717,2414091935.05,28952,430581,31.57,2017-08-17,Aug-2017,-0.8898245614035072,Slight Negative
HDFCBANK,EQ,18-Aug-2017,1765.4,1760.0,1761.0,1743.0,       1754.25,1752.15,1750.79,926866,1622750045.0,32410,591150,63.78,2017-08-18,Aug-2017,-0.7505381216721396,Slight Negative
HDFCBANK,EQ,21-Aug-2017,1752.15,1754.0,1759.0,1738.2,       1742.15,1743.2,1747.56,1002431,1751811096.15,29000,652267,65.07,2017-08-21,Aug-2017,-0.5108010158947573,Slight Negative
HDFCBANK,EQ,22-Aug-2017,1743.2,1751.3,1754.0,1736.8,       1748.55,1747.0,1744.99,1652389,2883401579.9,61483,1038533,62.85,2017-08-22,Aug-2017,0.21798990362551507,Slight or No Change
HDFCBANK,EQ,23-Aug-2017,1747.0,1750.0,1777.95,1750.0,       1769.10,1772.45,1767.91,840131,1485274496.2,28305,449582,53.51,2017-08-23,Aug-2017,1.4567830566685869,Positve
HDFCBANK,EQ,24-Aug-2017,1772.45,1774.9,1774.95,1759.15,       1767.50,1762.5,1764.17,1969569,3474659289.25,29178,584539,29.68,2017-08-24,Aug-2017,-0.5613698552850654,Slight Negative
HDFCBANK,EQ,28-Aug-2017,1762.5,1762.4,1771.15,1758.35,       1759.75,1762.25,1764.02,376946,664940795.75,18676,164586,43.66,2017-08-28,Aug-2017,-0.014184397163119478,Slight or No Change
HDFCBANK,EQ,29-Aug-2017,1762.25,1759.0,1759.0,1738.0,       1748.95,1746.15,1744.1,1229649,2144630136.0,25477,657465,53.47,2017-08-29,Aug-2017,-0.9136047666335578,Slight Negative
HDFCBANK,EQ,30-Aug-2017,1746.15,1751.95,1770.0,1750.05,       1769.65,1768.55,1763.86,673580,1188103641.85,18278,340011,50.48,2017-08-30,Aug-2017,1.282822208859491,Positve
HDFCBANK,EQ,31-Aug-2017,1768.55,1772.0,1779.85,1756.4,       1769.00,1776.45,1772.21,1825859,3235800483.15,36463,844787,46.27,2017-08-31,Aug-2017,0.44669361906646277,Slight or No Change
HDFCBANK,EQ,01-Sep-2017,1776.45,1781.0,1781.45,1761.1,       1765.00,1767.6,1771.67,573793,1016570200.0,19096,240856,41.98,2017-09-01,Sep-2017,-0.4981845816093955,Slight or No Change
HDFCBANK,EQ,04-Sep-2017,1767.6,1765.0,1765.0,1746.1,       1750.00,1750.9,1752.37,910631,1595764535.85,31359,527482,57.92,2017-09-04,Sep-2017,-0.9447838877574055,Slight Negative
HDFCBANK,EQ,05-Sep-2017,1750.9,1757.0,1764.9,1751.0,       1755.00,1755.35,1757.77,920609,1618215150.85,24788,439271,47.72,2017-09-05,Sep-2017,0.2541550059969033,Slight or No Change
HDFCBANK,EQ,06-Sep-2017,1755.35,1743.75,1762.8,1738.0,       1761.55,1759.9,1753.59,1437908,2521503245.4,24340,869626,60.48,2017-09-06,Sep-2017,0.2592075654427983,Slight or No Change
HDFCBANK,EQ,07-Sep-2017,1759.9,1760.1,1776.75,1760.1,       1765.25,1766.55,1766.63,1736605,3067935845.9,27641,605806,34.88,2017-09-07,Sep-2017,0.3778623785442248,Slight or No Change
HDFCBANK,EQ,08-Sep-2017,1766.55,1773.4,1790.0,1771.0,       1785.00,1787.65,1781.89,2077916,3702622520.6,33955,1234323,59.4,2017-09-08,Sep-2017,1.1944184993348594,Positve
HDFCBANK,EQ,11-Sep-2017,1787.65,1793.0,1829.0,1790.2,       1822.00,1823.35,1816.72,2869419,5212939744.6,88980,1733975,60.43,2017-09-11,Sep-2017,1.997035213828191,Positve
HDFCBANK,EQ,12-Sep-2017,1823.35,1827.7,1839.9,1818.3,       1837.10,1835.2,1833.12,1671920,3064825860.1,67989,919925,55.02,2017-09-12,Sep-2017,0.6499026517125195,Slight Positive
HDFCBANK,EQ,13-Sep-2017,1835.2,1835.0,1849.0,1824.0,       1843.25,1841.85,1841.58,1248844,2299847291.95,30091,657075,52.61,2017-09-13,Sep-2017,0.3623583260679908,Slight or No Change
HDFCBANK,EQ,14-Sep-2017,1841.85,1840.15,1852.5,1831.5,       1840.00,1839.4,1839.93,2038504,3750701010.7,29517,557209,27.33,2017-09-14,Sep-2017,-0.13301843255421053,Slight or No Change
HDFCBANK,EQ,15-Sep-2017,1839.4,1836.0,1851.8,1833.45,       1850.00,1848.95,1845.98,941833,1738607041.2,24200,487645,51.78,2017-09-15,Sep-2017,0.5191910405567102,Slight Positive
HDFCBANK,EQ,18-Sep-2017,1848.95,1853.55,1864.45,1852.5,       1860.00,1860.45,1861.58,1021232,1901109128.2,29374,754277,73.86,2017-09-18,Sep-2017,0.621974634251865,Slight Positive
HDFCBANK,EQ,19-Sep-2017,1860.45,1864.9,1868.0,1847.55,       1847.55,1849.7,1858.58,1060367,1970780896.0,23565,684467,64.55,2017-09-19,Sep-2017,-0.577817194764707,Slight Negative
HDFCBANK,EQ,20-Sep-2017,1849.7,1848.0,1861.45,1845.25,       1850.00,1848.85,1850.15,861532,1593967559.2,26905,579361,67.25,2017-09-20,Sep-2017,-0.04595339784830843,Slight or No Change
HDFCBANK,EQ,21-Sep-2017,1848.85,1848.0,1848.5,1830.7,       1843.00,1839.1,1839.29,1928124,3546374079.25,50920,1006098,52.18,2017-09-21,Sep-2017,-0.5273548421992014,Slight Negative
HDFCBANK,EQ,22-Sep-2017,1839.1,1834.8,1838.95,1820.0,       1823.00,1824.1,1826.77,2060881,3764746963.9,52897,1491250,72.36,2017-09-22,Sep-2017,-0.8156163340764522,Slight Negative
HDFCBANK,EQ,25-Sep-2017,1824.1,1822.45,1822.45,1792.6,       1798.80,1799.75,1802.36,2537307,4573149061.6,86102,1735249,68.39,2017-09-25,Sep-2017,-1.3349048846006184,Negative
HDFCBANK,EQ,26-Sep-2017,1799.75,1789.05,1796.6,1785.0,       1791.00,1792.3,1790.07,2859683,5119024677.3,69670,2089818,73.08,2017-09-26,Sep-2017,-0.41394638144186535,Slight or No Change
HDFCBANK,EQ,27-Sep-2017,1792.3,1796.0,1805.6,1770.0,       1780.55,1776.5,1779.35,1834305,3263870334.3,50529,1187303,64.73,2017-09-27,Sep-2017,-0.881548847849134,Slight Negative
HDFCBANK,EQ,28-Sep-2017,1776.5,1774.0,1799.0,1763.3,       1795.00,1795.3,1789.02,6911616,12365024438.9,97472,3794792,54.9,2017-09-28,Sep-2017,1.0582606248240811,Positve
HDFCBANK,EQ,29-Sep-2017,1795.3,1800.1,1822.0,1796.25,       1800.05,1805.7,1812.45,1553408,2815470649.5,58153,1016550,65.44,2017-09-29,Sep-2017,0.5792903692976248,Slight Positive
HDFCBANK,EQ,03-Oct-2017,1805.7,1808.0,1821.0,1797.1,       1810.20,1808.85,1811.27,1098606,1989876645.7,34504,589947,53.7,2017-10-03,Oct-2017,0.1744475826549241,Slight or No Change
HDFCBANK,EQ,04-Oct-2017,1808.85,1807.9,1811.9,1793.35,       1794.00,1797.0,1804.18,1656276,2988217758.3,25580,1215255,73.37,2017-10-04,Oct-2017,-0.6551123642092982,Slight Negative
HDFCBANK,EQ,05-Oct-2017,1797.0,1795.0,1805.0,1793.1,       1798.80,1798.6,1800.4,834049,1501622831.9,38155,427038,51.2,2017-10-05,Oct-2017,0.0890372843628251,Slight or No Change
HDFCBANK,EQ,06-Oct-2017,1798.6,1798.0,1804.45,1794.0,       1799.95,1800.1,1799.53,757665,1363439873.3,24959,376128,49.64,2017-10-06,Oct-2017,0.08339819859890518,Slight or No Change
HDFCBANK,EQ,09-Oct-2017,1800.1,1798.8,1803.0,1790.5,       1795.15,1795.5,1797.35,765623,1376094774.5,27930,520471,67.98,2017-10-09,Oct-2017,-0.2555413588133937,Slight or No Change
HDFCBANK,EQ,10-Oct-2017,1795.5,1799.0,1814.95,1792.65,       1800.00,1802.7,1806.18,949545,1715046387.4,30047,516925,54.44,2017-10-10,Oct-2017,0.4010025062656686,Slight or No Change
HDFCBANK,EQ,11-Oct-2017,1802.7,1803.25,1815.25,1787.6,       1789.00,1790.15,1802.03,1316860,2373017278.75,36368,902433,68.53,2017-10-11,Oct-2017,-0.6961779552892899,Slight Negative
HDFCBANK,EQ,12-Oct-2017,1790.15,1795.1,1821.45,1788.0,       1820.00,1818.8,1805.42,1345390,2428990122.5,20722,650121,48.32,2017-10-12,Oct-2017,1.6004245454291466,Positve
HDFCBANK,EQ,13-Oct-2017,1818.8,1826.7,1856.55,1822.0,       1848.90,1850.8,1845.91,1608366,2968902053.05,38331,921394,57.29,2017-10-13,Oct-2017,1.7594018033868508,Positve
HDFCBANK,EQ,16-Oct-2017,1850.8,1860.0,1873.25,1842.0,       1854.15,1857.15,1857.21,818636,1520380114.65,17387,282082,34.46,2017-10-16,Oct-2017,0.3430948778906595,Slight or No Change
HDFCBANK,EQ,17-Oct-2017,1857.15,1850.0,1853.7,1839.1,       1848.95,1851.25,1848.53,653322,1207682521.05,21579,286796,43.9,2017-10-17,Oct-2017,-0.31769108580351757,Slight or No Change
HDFCBANK,EQ,18-Oct-2017,1851.25,1841.0,1875.0,1839.0,       1866.25,1868.5,1864.24,981680,1830089740.8,21247,454935,46.34,2017-10-18,Oct-2017,0.931802835921669,Slight Positive
HDFCBANK,EQ,19-Oct-2017,1868.5,1861.8,1865.0,1840.65,       1845.00,1848.4,1853.98,142502,264195241.2,5682,69002,48.42,2017-10-19,Oct-2017,-1.0757291945410752,Negative
HDFCBANK,EQ,23-Oct-2017,1848.4,1859.9,1869.7,1836.05,       1865.85,1863.3,1850.99,1040723,1926372969.3,30073,581885,55.91,2017-10-23,Oct-2017,0.8061025752001738,Slight Positive
HDFCBANK,EQ,24-Oct-2017,1863.3,1863.0,1879.6,1853.0,       1866.55,1867.1,1866.12,2832218,5285245263.55,66436,848580,29.96,2017-10-24,Oct-2017,0.20393924757151627,Slight or No Change
HDFCBANK,EQ,25-Oct-2017,1867.1,1860.0,1863.0,1785.0,       1795.15,1795.1,1800.74,5341802,9619220470.25,173315,3343490,62.59,2017-10-25,Oct-2017,-3.856247656793954,Among Top Losers
HDFCBANK,EQ,26-Oct-2017,1795.1,1768.0,1810.0,1757.85,       1791.70,1795.35,1789.19,7142866,12779964395.95,184420,4974132,69.64,2017-10-26,Oct-2017,0.013926800735331035,Slight or No Change
HDFCBANK,EQ,27-Oct-2017,1795.35,1804.4,1807.5,1779.0,       1787.90,1791.05,1792.86,1868022,3349109113.65,49615,1118984,59.9,2017-10-27,Oct-2017,-0.23950761689920386,Slight or No Change
HDFCBANK,EQ,30-Oct-2017,1791.05,1798.25,1816.0,1792.4,       1815.75,1815.0,1805.49,1355588,2447503452.15,27755,880144,64.93,2017-10-30,Oct-2017,1.3372044331537492,Positve
HDFCBANK,EQ,31-Oct-2017,1815.0,1811.5,1811.5,1799.25,       1809.45,1808.5,1805.2,1170615,2113192779.85,55768,722914,61.76,2017-10-31,Oct-2017,-0.3581267217630857,Slight or No Change
HDFCBANK,EQ,01-Nov-2017,1808.5,1815.1,1825.0,1812.0,       1822.50,1821.2,1819.3,1047653,1905990950.35,26503,573002,54.69,2017-11-01,Nov-2017,0.7022394249377895,Slight Positive
HDFCBANK,EQ,02-Nov-2017,1821.2,1823.0,1829.8,1816.95,       1820.00,1822.1,1822.05,1184486,2158197543.05,30785,739301,62.42,2017-11-02,Nov-2017,0.049417966176146244,Slight or No Change
HDFCBANK,EQ,03-Nov-2017,1822.1,1825.7,1840.0,1821.6,       1830.00,1830.7,1829.95,952622,1743253303.15,50442,561501,58.94,2017-11-03,Nov-2017,0.47198287690028984,Slight or No Change
HDFCBANK,EQ,06-Nov-2017,1830.7,1825.0,1840.0,1822.6,       1828.00,1828.6,1833.27,1537061,2817847902.95,51333,821944,53.48,2017-11-06,Nov-2017,-0.11471022013438414,Slight or No Change
HDFCBANK,EQ,07-Nov-2017,1828.6,1838.0,1844.95,1820.75,       1825.00,1823.7,1828.67,1861594,3404233842.3,41972,1396048,74.99,2017-11-07,Nov-2017,-0.2679645630536909,Slight or No Change
HDFCBANK,EQ,08-Nov-2017,1823.7,1825.2,1833.6,1819.0,       1822.60,1825.95,1826.22,820786,1498935108.3,20749,498960,60.79,2017-11-08,Nov-2017,0.12337555518999732,Slight or No Change
HDFCBANK,EQ,09-Nov-2017,1825.95,1827.0,1835.0,1821.1,       1834.00,1827.85,1826.26,778327,1421424359.7,12695,381328,48.99,2017-11-09,Nov-2017,0.10405542320435224,Slight or No Change
HDFCBANK,EQ,10-Nov-2017,1827.85,1821.7,1834.8,1812.35,       1823.95,1822.0,1821.63,1936090,3526848073.95,22186,1525422,78.79,2017-11-10,Nov-2017,-0.32004814399430037,Slight or No Change
HDFCBANK,EQ,13-Nov-2017,1822.0,1822.0,1823.15,1795.0,       1814.25,1813.55,1806.89,833968,1506888248.8,25953,529394,63.48,2017-11-13,Nov-2017,-0.46377607025247514,Slight or No Change
HDFCBANK,EQ,14-Nov-2017,1813.55,1815.9,1819.0,1800.0,       1801.35,1802.35,1805.86,1178117,2127513692.85,33880,898608,76.27,2017-11-14,Nov-2017,-0.6175732678999735,Slight Negative
HDFCBANK,EQ,15-Nov-2017,1802.35,1798.0,1803.65,1788.0,       1799.25,1800.25,1796.37,1537092,2761182588.85,26862,1177181,76.58,2017-11-15,Nov-2017,-0.11651455044802139,Slight or No Change
HDFCBANK,EQ,16-Nov-2017,1800.25,1804.0,1816.0,1795.2,       1812.95,1807.7,1807.23,1003243,1813088828.0,32161,631891,62.98,2017-11-16,Nov-2017,0.41383141230384446,Slight or No Change
HDFCBANK,EQ,17-Nov-2017,1807.7,1828.7,1838.3,1813.15,       1822.00,1825.55,1827.72,1589693,2905508996.75,44931,797013,50.14,2017-11-17,Nov-2017,0.987442606627198,Slight Positive
HDFCBANK,EQ,20-Nov-2017,1825.55,1829.0,1839.7,1829.0,       1836.05,1838.15,1836.08,598106,1098170760.45,30131,336543,56.27,2017-11-20,Nov-2017,0.6902029525348574,Slight Positive
HDFCBANK,EQ,21-Nov-2017,1838.15,1837.45,1850.0,1836.1,       1848.00,1846.25,1845.41,568883,1049822787.25,17143,349608,61.46,2017-11-21,Nov-2017,0.44066044664472503,Slight or No Change
HDFCBANK,EQ,22-Nov-2017,1846.25,1849.7,1860.0,1844.55,       1854.60,1855.25,1853.89,1415199,2623628896.95,31420,944319,66.73,2017-11-22,Nov-2017,0.4874746106973582,Slight or No Change
HDFCBANK,EQ,23-Nov-2017,1855.25,1859.0,1860.0,1838.0,       1840.00,1842.85,1847.79,808145,1493278728.15,16903,492990,61.0,2017-11-23,Nov-2017,-0.6683735345640818,Slight Negative
HDFCBANK,EQ,24-Nov-2017,1842.85,1843.0,1857.8,1841.0,       1857.50,1851.4,1848.31,1300921,2404501397.4,26271,979768,75.31,2017-11-24,Nov-2017,0.4639552866483987,Slight or No Change
HDFCBANK,EQ,27-Nov-2017,1851.4,1849.0,1862.0,1845.6,       1860.15,1857.55,1852.09,967618,1792111671.55,75853,622801,64.36,2017-11-27,Nov-2017,0.33218105217671656,Slight or No Change
HDFCBANK,EQ,28-Nov-2017,1857.55,1856.0,1871.0,1855.85,       1867.15,1865.35,1866.29,1272635,2375105182.85,44306,921267,72.39,2017-11-28,Nov-2017,0.4199079432585906,Slight or No Change
HDFCBANK,EQ,29-Nov-2017,1865.35,1865.0,1875.5,1855.8,       1873.00,1873.3,1869.11,818646,1530142584.45,17331,476557,58.21,2017-11-29,Nov-2017,0.42619347575523214,Slight or No Change
HDFCBANK,EQ,30-Nov-2017,1873.3,1868.7,1873.95,1840.0,       1852.75,1853.7,1859.89,1449078,2695122047.35,37220,770804,53.19,2017-11-30,Nov-2017,-1.0462819623124897,Negative
HDFCBANK,EQ,01-Dec-2017,1853.7,1854.9,1860.0,1844.1,       1850.85,1848.2,1850.81,964537,1785177398.1,39290,598556,62.06,2017-12-01,Dec-2017,-0.2967038895182572,Slight or No Change
HDFCBANK,EQ,04-Dec-2017,1848.2,1854.9,1854.9,1830.1,       1836.30,1834.1,1840.43,910483,1675680713.0,36729,629502,69.14,2017-12-04,Dec-2017,-0.7629044475706115,Slight Negative
HDFCBANK,EQ,05-Dec-2017,1834.1,1826.0,1828.55,1807.0,       1824.90,1820.45,1818.21,973340,1769739387.85,30980,546351,56.13,2017-12-05,Dec-2017,-0.7442342293222715,Slight Negative
HDFCBANK,EQ,06-Dec-2017,1820.45,1819.95,1821.35,1799.0,       1799.30,1803.3,1809.42,1598780,2892866502.15,47014,1164494,72.84,2017-12-06,Dec-2017,-0.9420747617347458,Slight Negative
HDFCBANK,EQ,07-Dec-2017,1803.3,1806.65,1816.6,1803.1,       1810.90,1809.65,1809.12,1057826,1913737162.85,49113,626080,59.19,2017-12-07,Dec-2017,0.35213220207397367,Slight or No Change
HDFCBANK,EQ,08-Dec-2017,1809.65,1814.0,1853.0,1814.0,       1842.25,1840.4,1839.43,2239100,4118673540.75,38922,1482220,66.2,2017-12-08,Dec-2017,1.6992236067747912,Positve
HDFCBANK,EQ,11-Dec-2017,1840.4,1848.0,1851.75,1840.0,       1846.40,1846.4,1846.99,799558,1476774981.65,45584,490124,61.3,2017-12-11,Dec-2017,0.32601608346012334,Slight or No Change
HDFCBANK,EQ,12-Dec-2017,1846.4,1849.1,1849.9,1815.95,       1818.00,1819.9,1826.78,602647,1100901256.8,17546,315406,52.34,2017-12-12,Dec-2017,-1.4352253032928974,Negative
HDFCBANK,EQ,13-Dec-2017,1819.9,1820.05,1845.0,1815.1,       1821.40,1821.35,1832.2,726865,1331763552.75,27628,270762,37.25,2017-12-13,Dec-2017,0.07967470740148919,Slight or No Change
HDFCBANK,EQ,14-Dec-2017,1821.35,1824.0,1840.0,1812.0,       1837.10,1838.05,1826.18,920773,1681496960.9,21825,441606,47.96,2017-12-14,Dec-2017,0.9169022977461694,Slight Positive
HDFCBANK,EQ,15-Dec-2017,1838.05,1856.0,1888.0,1855.5,       1871.00,1873.45,1877.73,3112531,5844489331.25,68576,1845713,59.3,2017-12-15,Dec-2017,1.9259541361769328,Positve
HDFCBANK,EQ,18-Dec-2017,1873.45,1855.0,1899.0,1809.3,       1878.40,1878.95,1876.25,3074497,5768529010.9,46417,1558319,50.69,2017-12-18,Dec-2017,0.29357602284554307,Slight or No Change
HDFCBANK,EQ,19-Dec-2017,1878.95,1879.8,1893.65,1876.15,       1886.95,1884.5,1884.02,1238028,2332475336.0,34874,666370,53.83,2017-12-19,Dec-2017,0.2953777375661826,Slight or No Change
HDFCBANK,EQ,20-Dec-2017,1884.5,1898.9,1903.1,1863.65,       1866.35,1868.15,1885.29,2335876,4403801177.45,83598,1303739,55.81,2017-12-20,Dec-2017,-0.8676041390289102,Slight Negative
HDFCBANK,EQ,21-Dec-2017,1868.15,1879.9,1885.0,1865.2,       1866.05,1868.3,1871.04,1713636,3206288352.65,57272,1059344,61.82,2017-12-21,Dec-2017,0.008029333832926255,Slight or No Change
HDFCBANK,EQ,22-Dec-2017,1868.3,1879.0,1880.0,1861.75,       1874.65,1876.65,1870.36,1117726,2090553505.8,46791,609701,54.55,2017-12-22,Dec-2017,0.4469303645024958,Slight or No Change
HDFCBANK,EQ,26-Dec-2017,1876.65,1881.0,1882.8,1856.7,       1870.00,1868.35,1867.6,1696424,3168235275.05,23017,1186061,69.92,2017-12-26,Dec-2017,-0.4422774624996739,Slight or No Change
HDFCBANK,EQ,27-Dec-2017,1868.35,1870.1,1870.3,1851.15,       1852.50,1856.75,1863.9,872346,1625967980.3,21881,569939,65.33,2017-12-27,Dec-2017,-0.6208686809216601,Slight Negative
HDFCBANK,EQ,28-Dec-2017,1856.75,1858.9,1880.9,1858.0,       1870.05,1878.05,1873.07,2175130,4074175062.75,42854,1373463,63.14,2017-12-28,Dec-2017,1.1471657466002316,Positve
HDFCBANK,EQ,29-Dec-2017,1878.05,1876.8,1879.2,1868.15,       1871.40,1872.4,1873.42,1586468,2972120303.05,29466,1059416,66.78,2017-12-29,Dec-2017,-0.3008439604909263,Slight or No Change
HDFCBANK,EQ,01-Jan-2018,1872.4,1872.7,1880.75,1850.5,       1855.00,1854.5,1862.24,1645129,3063622972.65,30994,1222191,74.29,2018-01-01,Jan-2018,-0.9559923093356182,Slight Negative
HDFCBANK,EQ,02-Jan-2018,1854.5,1858.55,1875.0,1858.55,       1869.80,1872.35,1868.27,1194079,2230859132.95,33877,737318,61.75,2018-01-02,Jan-2018,0.9625235912644969,Slight Positive
HDFCBANK,EQ,03-Jan-2018,1872.35,1875.0,1878.25,1851.2,       1853.85,1852.65,1859.01,1132822,2105921940.5,39569,765751,67.6,2018-01-03,Jan-2018,-1.052153710577608,Negative
HDFCBANK,EQ,04-Jan-2018,1852.65,1853.0,1865.5,1853.0,       1859.25,1859.9,1860.54,593444,1104125326.3,11185,300493,50.64,2018-01-04,Jan-2018,0.39133133619408955,Slight or No Change
HDFCBANK,EQ,05-Jan-2018,1859.9,1863.0,1868.05,1855.55,       1863.05,1863.6,1862.6,717717,1336816277.05,20342,394247,54.93,2018-01-05,Jan-2018,0.19893542663582675,Slight or No Change
HDFCBANK,EQ,08-Jan-2018,1863.6,1865.0,1870.7,1857.75,       1864.00,1860.6,1861.87,1142577,2127331034.75,17668,792771,69.38,2018-01-08,Jan-2018,-0.16097875080489654,Slight or No Change
HDFCBANK,EQ,09-Jan-2018,1860.6,1862.0,1869.85,1855.0,       1862.70,1863.7,1861.62,1326382,2469224839.75,49929,959503,72.34,2018-01-09,Jan-2018,0.16661292056325827,Slight or No Change
HDFCBANK,EQ,10-Jan-2018,1863.7,1865.2,1867.9,1857.3,       1860.45,1864.2,1863.6,1153972,2150540894.55,18186,880760,76.32,2018-01-10,Jan-2018,0.02682835220260138,Slight or No Change
HDFCBANK,EQ,11-Jan-2018,1864.2,1864.2,1876.0,1856.25,       1873.95,1872.55,1868.69,1014774,1896296273.9,26221,622410,61.33,2018-01-11,Jan-2018,0.447913314022097,Slight or No Change
HDFCBANK,EQ,12-Jan-2018,1872.55,1873.0,1878.15,1860.0,       1865.00,1865.3,1868.58,1084177,2025876708.1,29065,566529,52.25,2018-01-12,Jan-2018,-0.38717257216095424,Slight or No Change
HDFCBANK,EQ,15-Jan-2018,1865.3,1869.95,1904.4,1859.85,       1893.05,1897.75,1891.97,3144111,5948565811.3,68116,1638414,52.11,2018-01-15,Jan-2018,1.7396665415750912,Positve
HDFCBANK,EQ,16-Jan-2018,1897.75,1903.45,1910.0,1885.25,       1900.10,1900.15,1899.62,1611346,3060951108.75,60260,827555,51.36,2018-01-16,Jan-2018,0.12646555131077264,Slight or No Change
HDFCBANK,EQ,17-Jan-2018,1900.15,1897.0,1902.55,1887.0,       1891.60,1890.5,1893.05,726374,1375065564.25,25142,346150,47.65,2018-01-17,Jan-2018,-0.507854643054495,Slight Negative
HDFCBANK,EQ,18-Jan-2018,1890.5,1924.0,1954.0,1918.05,       1933.05,1934.3,1939.75,4162385,8073993015.75,79152,1499386,36.02,2018-01-18,Jan-2018,2.3168473948690815,Positve
HDFCBANK,EQ,19-Jan-2018,1934.3,1935.15,1959.9,1919.25,       1949.35,1952.2,1947.44,2863997,5577473372.55,62844,861137,30.07,2018-01-19,Jan-2018,0.9253993692808882,Slight Positive
HDFCBANK,EQ,22-Jan-2018,1952.2,1960.0,1988.0,1953.15,       1962.50,1963.35,1969.82,2212442,4358108235.7,87200,961425,43.46,2018-01-22,Jan-2018,0.5711504968753056,Slight Positive
HDFCBANK,EQ,23-Jan-2018,1963.35,1965.0,1966.7,1943.3,       1951.50,1951.3,1953.81,1261949,2465611788.75,41602,726995,57.61,2018-01-23,Jan-2018,-0.6137469121654249,Slight Negative
HDFCBANK,EQ,24-Jan-2018,1951.3,1952.55,1969.0,1950.6,       1957.60,1957.65,1958.02,1197642,2345001018.5,20553,698354,58.31,2018-01-24,Jan-2018,0.32542407625686387,Slight or No Change
HDFCBANK,EQ,25-Jan-2018,1957.65,1953.9,1980.0,1950.5,       1969.00,1974.95,1968.83,2180917,4293844957.45,33097,1165553,53.44,2018-01-25,Jan-2018,0.8837126146144625,Slight Positive
HDFCBANK,EQ,29-Jan-2018,1974.95,1978.0,2006.95,1978.0,       2000.60,1999.65,1995.69,2058973,4109064049.9,48366,1249653,60.69,2018-01-29,Jan-2018,1.2506645737866862,Positve
HDFCBANK,EQ,30-Jan-2018,1999.65,1997.8,2001.9,1984.15,       1995.55,1995.5,1994.03,1599390,3189237269.9,37667,1057272,66.1,2018-01-30,Jan-2018,-0.20753631885580548,Slight or No Change
HDFCBANK,EQ,31-Jan-2018,1995.5,1989.4,2013.5,1987.0,       2004.60,2005.7,2003.12,1735837,3477096561.15,45781,1045031,60.2,2018-01-31,Jan-2018,0.5111500876973318,Slight Positive
HDFCBANK,EQ,01-Feb-2018,2005.7,2006.0,2015.0,1985.3,       1986.50,1991.15,2001.09,1630355,3262488565.95,34891,701699,43.04,2018-02-01,Feb-2018,-0.7254325173256193,Slight Negative
HDFCBANK,EQ,02-Feb-2018,1991.15,1986.0,1989.9,1941.5,       1941.50,1948.0,1963.93,1836531,3606812369.0,60365,1231464,67.05,2018-02-02,Feb-2018,-2.1670893704643035,Negative
HDFCBANK,EQ,05-Feb-2018,1948.0,1918.0,1935.25,1905.85,       1918.00,1913.85,1916.75,1981696,3798409854.65,49748,1385911,69.94,2018-02-05,Feb-2018,-1.7530800821355275,Negative
HDFCBANK,EQ,06-Feb-2018,1913.85,1860.0,1912.0,1836.3,       1898.80,1896.8,1868.86,2687451,5022468828.2,74329,1279189,47.6,2018-02-06,Feb-2018,-0.8908744154453085,Slight Negative
HDFCBANK,EQ,07-Feb-2018,1896.8,1907.0,1907.0,1862.4,       1868.50,1872.8,1875.43,2091243,3921971760.25,57480,993289,47.5,2018-02-07,Feb-2018,-1.2652889076339102,Negative
HDFCBANK,EQ,08-Feb-2018,1872.8,1884.0,1898.6,1866.5,       1882.00,1880.95,1887.25,1292861,2439953543.35,53803,559966,43.31,2018-02-08,Feb-2018,0.43517727466895195,Slight or No Change
HDFCBANK,EQ,09-Feb-2018,1880.95,1847.9,1864.7,1844.1,       1852.00,1849.5,1853.01,1602238,2968965973.2,52830,837518,52.27,2018-02-09,Feb-2018,-1.6720274329461216,Negative
HDFCBANK,EQ,12-Feb-2018,1849.5,1860.0,1886.0,1855.15,       1880.00,1876.65,1872.43,1095277,2050832316.7,22502,700531,63.96,2018-02-12,Feb-2018,1.4679643146796373,Positve
HDFCBANK,EQ,14-Feb-2018,1876.65,1889.8,1897.9,1874.65,       1879.85,1883.15,1889.56,894297,1689825412.3,31815,517624,57.88,2018-02-14,Feb-2018,0.34636186822263326,Slight or No Change
HDFCBANK,EQ,15-Feb-2018,1883.15,1889.7,1894.75,1875.0,       1881.25,1881.9,1882.55,1228806,2313293856.75,32753,742302,60.41,2018-02-15,Feb-2018,-0.06637814300507472,Slight or No Change
HDFCBANK,EQ,16-Feb-2018,1881.9,1883.9,1894.85,1875.65,       1880.40,1878.6,1883.79,895880,1687649892.1,22732,355509,39.68,2018-02-16,Feb-2018,-0.17535469472342857,Slight or No Change
HDFCBANK,EQ,19-Feb-2018,1878.6,1882.6,1887.6,1859.05,       1880.00,1878.2,1876.45,913638,1714398525.1,25194,457562,50.08,2018-02-19,Feb-2018,-0.021292451825816183,Slight or No Change
HDFCBANK,EQ,20-Feb-2018,1878.2,1884.75,1885.85,1858.8,       1860.15,1863.2,1875.4,1021017,1914810586.35,31634,582362,57.04,2018-02-20,Feb-2018,-0.798636992865509,Slight Negative
HDFCBANK,EQ,21-Feb-2018,1863.2,1867.95,1868.55,1852.2,       1859.20,1857.4,1858.84,688268,1279377292.3,32317,352348,51.19,2018-02-21,Feb-2018,-0.31129240017174764,Slight or No Change
HDFCBANK,EQ,22-Feb-2018,1857.4,1850.0,1860.0,1841.55,       1850.15,1853.2,1851.2,3313399,6133748038.6,41538,1640988,49.53,2018-02-22,Feb-2018,-0.2261225368795139,Slight or No Change
HDFCBANK,EQ,23-Feb-2018,1853.2,1856.9,1884.85,1850.4,       1877.00,1880.55,1869.03,1019187,1904887235.65,18810,553315,54.29,2018-02-23,Feb-2018,1.4758255989639535,Positve
HDFCBANK,EQ,26-Feb-2018,1880.55,1888.1,1914.8,1883.55,       1912.50,1911.55,1904.1,1197221,2279631074.55,30059,692072,57.81,2018-02-26,Feb-2018,1.64845390976045,Positve
HDFCBANK,EQ,27-Feb-2018,1911.55,1914.75,1921.75,1900.0,       1900.50,1902.55,1908.74,1196832,2284446196.6,26645,764702,63.89,2018-02-27,Feb-2018,-0.470822107713631,Slight or No Change
HDFCBANK,EQ,28-Feb-2018,1902.55,1889.55,1895.45,1878.0,       1888.00,1884.2,1883.79,1016591,1915043360.4,29207,533917,52.52,2018-02-28,Feb-2018,-0.9644950198417823,Slight Negative
HDFCBANK,EQ,01-Mar-2018,1884.2,1879.3,1893.3,1868.0,       1868.05,1874.35,1884.58,977460,1842102392.05,24955,492115,50.35,2018-03-01,Mar-2018,-0.5227682836216996,Slight Negative
HDFCBANK,EQ,05-Mar-2018,1874.35,1874.15,1878.0,1858.25,       1866.00,1869.95,1867.66,945366,1765625423.4,60906,482154,51.0,2018-03-05,Mar-2018,-0.2347480459892637,Slight or No Change
HDFCBANK,EQ,06-Mar-2018,1869.95,1870.0,1879.9,1839.5,       1840.00,1846.25,1864.57,1144207,2133448786.3,32346,587401,51.34,2018-03-06,Mar-2018,-1.267413567207687,Negative
HDFCBANK,EQ,07-Mar-2018,1846.25,1840.0,1853.4,1828.5,       1831.10,1832.6,1839.17,1407041,2587784690.15,41147,786990,55.93,2018-03-07,Mar-2018,-0.7393364928909962,Slight Negative
HDFCBANK,EQ,08-Mar-2018,1832.6,1839.8,1858.5,1832.0,       1850.00,1852.85,1844.42,1379681,2544714180.1,26260,841822,61.02,2018-03-08,Mar-2018,1.1049874495252743,Positve
HDFCBANK,EQ,09-Mar-2018,1852.85,1854.95,1865.25,1844.0,       1846.15,1851.05,1856.06,1027027,1906219129.55,29867,583405,56.81,2018-03-09,Mar-2018,-0.09714763742342258,Slight or No Change
HDFCBANK,EQ,12-Mar-2018,1851.05,1860.2,1869.45,1853.4,       1866.30,1867.25,1863.99,1639279,3055594028.9,34880,1156796,70.57,2018-03-12,Mar-2018,0.8751789524864328,Slight Positive
HDFCBANK,EQ,13-Mar-2018,1867.25,1867.45,1884.75,1855.0,       1859.45,1860.25,1870.24,1281050,2395869816.4,32044,696918,54.4,2018-03-13,Mar-2018,-0.37488284910964786,Slight or No Change
HDFCBANK,EQ,14-Mar-2018,1860.25,1856.0,1867.9,1848.0,       1864.00,1864.5,1857.75,920098,1709311423.0,36271,509645,55.39,2018-03-14,Mar-2018,0.22846391614030903,Slight or No Change
HDFCBANK,EQ,15-Mar-2018,1864.5,1865.2,1887.5,1865.2,       1873.50,1880.8,1879.2,1467731,2758155776.8,44905,802388,54.67,2018-03-15,Mar-2018,0.8742290158219257,Slight Positive
HDFCBANK,EQ,16-Mar-2018,1880.8,1880.0,1881.1,1846.55,       1858.00,1853.0,1861.09,1974084,3673949096.8,35446,1068955,54.15,2018-03-16,Mar-2018,-1.4780944279030206,Negative
HDFCBANK,EQ,19-Mar-2018,1853.0,1853.0,1860.0,1843.15,       1847.00,1847.25,1851.78,1959685,3628898883.95,60212,1210689,61.78,2018-03-19,Mar-2018,-0.31030760928224543,Slight or No Change
HDFCBANK,EQ,20-Mar-2018,1847.25,1845.1,1855.9,1835.25,       1842.90,1839.5,1845.17,914343,1687115132.5,23270,453848,49.64,2018-03-20,Mar-2018,-0.41954256326972583,Slight or No Change
HDFCBANK,EQ,21-Mar-2018,1839.5,1848.0,1863.2,1843.3,       1858.95,1858.9,1853.89,1480285,2744280455.5,44655,947180,63.99,2018-03-21,Mar-2018,1.0546344115248685,Positve
HDFCBANK,EQ,22-Mar-2018,1858.9,1858.9,1880.0,1855.1,       1863.00,1867.75,1872.05,1668306,3123149751.5,37562,856679,51.35,2018-03-22,Mar-2018,0.47608800903760073,Slight or No Change
HDFCBANK,EQ,23-Mar-2018,1867.75,1846.65,1853.1,1837.25,       1842.25,1841.55,1844.22,1797538,3315060067.5,34048,886132,49.3,2018-03-23,Mar-2018,-1.402757328336235,Negative
HDFCBANK,EQ,26-Mar-2018,1841.55,1839.9,1900.0,1833.5,       1896.20,1893.45,1868.66,2625442,4906054711.2,86610,1573073,59.92,2018-03-26,Mar-2018,2.8182780809644203,Positve
HDFCBANK,EQ,27-Mar-2018,1893.45,1893.8,1899.0,1876.0,       1894.05,1892.6,1888.52,1534209,2897382139.25,31150,797281,51.97,2018-03-27,Mar-2018,-0.04489159998944947,Slight or No Change
HDFCBANK,EQ,28-Mar-2018,1892.6,1882.95,1899.7,1876.05,       1890.00,1886.1,1886.44,2209377,4167862538.7,50573,1205141,54.55,2018-03-28,Mar-2018,-0.34344288280672153,Slight or No Change
HDFCBANK,EQ,02-Apr-2018,1886.1,1890.5,1935.75,1890.5,       1931.90,1931.2,1917.34,1149092,2203201439.6,37803,656967,57.17,2018-04-02,Apr-2018,2.391177562165314,Positve
HDFCBANK,EQ,03-Apr-2018,1931.2,1923.95,1925.7,1911.0,       1913.00,1915.9,1917.02,1019971,1955306114.65,48938,592029,58.04,2018-04-03,Apr-2018,-0.7922535211267623,Slight Negative
HDFCBANK,EQ,04-Apr-2018,1915.9,1912.95,1924.95,1878.45,       1883.10,1883.25,1903.29,928527,1767257058.2,34499,456685,49.18,2018-04-04,Apr-2018,-1.70415992483951,Negative
HDFCBANK,EQ,05-Apr-2018,1883.25,1901.3,1914.0,1890.2,       1913.10,1908.9,1900.56,1214723,2308652574.5,61633,605874,49.88,2018-04-05,Apr-2018,1.3620071684587787,Positve
HDFCBANK,EQ,06-Apr-2018,1908.9,1912.2,1926.45,1905.8,       1920.10,1923.4,1917.27,930002,1783068526.1,24914,466973,50.21,2018-04-06,Apr-2018,0.7595997695007517,Slight Positive
HDFCBANK,EQ,09-Apr-2018,1923.4,1918.8,1942.0,1916.4,       1937.00,1939.05,1936.3,1000884,1938008165.25,32002,541199,54.07,2018-04-09,Apr-2018,0.8136633045648267,Slight Positive
HDFCBANK,EQ,10-Apr-2018,1939.05,1943.0,1943.0,1913.5,       1921.20,1920.85,1920.94,1516809,2913693991.15,55147,947252,62.45,2018-04-10,Apr-2018,-0.9386039555452474,Slight Negative
HDFCBANK,EQ,11-Apr-2018,1920.85,1915.9,1920.0,1905.4,       1918.00,1918.85,1913.82,717703,1373553935.9,64684,382502,53.3,2018-04-11,Apr-2018,-0.10412057162193511,Slight or No Change
HDFCBANK,EQ,12-Apr-2018,1918.85,1916.0,1932.9,1905.9,       1925.00,1928.8,1920.27,1178129,2262325817.35,26955,476496,40.45,2018-04-12,Apr-2018,0.5185397503713274,Slight Positive
HDFCBANK,EQ,13-Apr-2018,1928.8,1928.0,1940.0,1919.1,       1930.00,1925.0,1928.02,824293,1589255010.75,26003,394398,47.85,2018-04-13,Apr-2018,-0.19701368726668944,Slight or No Change
HDFCBANK,EQ,16-Apr-2018,1925.0,1920.0,1950.0,1919.85,       1943.50,1942.1,1938.89,711936,1380367127.0,21855,318462,44.73,2018-04-16,Apr-2018,0.8883116883116937,Slight Positive
HDFCBANK,EQ,17-Apr-2018,1942.1,1943.5,1951.0,1934.1,       1950.00,1948.5,1944.42,666958,1296845993.15,21401,354286,53.12,2018-04-17,Apr-2018,0.32954018845579025,Slight or No Change
HDFCBANK,EQ,18-Apr-2018,1948.5,1951.0,1953.5,1930.05,       1934.00,1932.6,1942.91,678180,1317640648.7,21302,345977,51.02,2018-04-18,Apr-2018,-0.8160123171670586,Slight Negative
HDFCBANK,EQ,19-Apr-2018,1932.6,1940.0,1944.8,1933.0,       1939.00,1939.0,1938.07,792258,1535448277.65,36850,456501,57.62,2018-04-19,Apr-2018,0.33116009520852696,Slight or No Change
HDFCBANK,EQ,20-Apr-2018,1939.0,1941.0,1961.0,1932.15,       1959.70,1955.9,1945.78,2340345,4553789223.35,70006,1792050,76.57,2018-04-20,Apr-2018,0.8715832903558596,Slight Positive
HDFCBANK,EQ,23-Apr-2018,1955.9,1979.0,1979.0,1860.3,       1939.50,1935.75,1947.51,3826155,7451481658.4,76106,1003096,26.22,2018-04-23,Apr-2018,-1.0302162687254035,Negative
HDFCBANK,EQ,24-Apr-2018,1935.75,1935.0,1948.05,1926.0,       1934.10,1935.0,1935.57,1259354,2437572242.55,33400,466047,37.01,2018-04-24,Apr-2018,-0.038744672607515795,Slight or No Change
HDFCBANK,EQ,25-Apr-2018,1935.0,1927.9,1938.0,1912.0,       1920.00,1920.75,1924.27,1005148,1934175516.3,42185,468604,46.62,2018-04-25,Apr-2018,-0.7364341085271287,Slight Negative
HDFCBANK,EQ,26-Apr-2018,1920.75,1916.8,1939.2,1911.25,       1926.10,1930.25,1930.42,1961870,3787241208.7,33677,907515,46.26,2018-04-26,Apr-2018,0.4945984641416157,Slight or No Change
HDFCBANK,EQ,27-Apr-2018,1930.25,1933.0,1935.5,1912.5,       1925.00,1923.4,1918.5,1444252,2770792412.6,47025,825792,57.18,2018-04-27,Apr-2018,-0.35487631135863174,Slight or No Change
HDFCBANK,EQ,30-Apr-2018,1923.4,1930.0,1954.8,1928.8,       1945.10,1944.3,1945.7,1152388,2242199201.2,32030,649513,56.36,2018-04-30,Apr-2018,1.0866174482686786,Positve
HDFCBANK,EQ,02-May-2018,1944.3,1950.0,1978.0,1946.0,       1969.55,1969.5,1965.16,1775012,3488178418.55,62881,938108,52.85,2018-05-02,May-2018,1.2960962814380528,Positve
HDFCBANK,EQ,03-May-2018,1969.5,1968.05,1974.9,1946.0,       1968.00,1967.9,1963.23,1038193,2038207486.9,30529,365265,35.18,2018-05-03,May-2018,-0.08123889312007249,Slight or No Change
HDFCBANK,EQ,04-May-2018,1967.9,1970.0,1990.0,1966.3,       1985.40,1988.5,1981.08,1720359,3408176310.05,33291,1084558,63.04,2018-05-04,May-2018,1.0468011585954562,Positve
HDFCBANK,EQ,07-May-2018,1988.5,1981.65,1987.3,1975.0,       1977.50,1977.4,1980.88,1316032,2606904358.55,32517,781466,59.38,2018-05-07,May-2018,-0.558209705808399,Slight Negative
HDFCBANK,EQ,08-May-2018,1977.4,1979.25,1979.9,1954.6,       1966.50,1967.05,1964.31,1775141,3486935564.55,30036,1149021,64.73,2018-05-08,May-2018,-0.523414584808346,Slight Negative
HDFCBANK,EQ,09-May-2018,1967.05,1956.15,1980.5,1956.15,       1978.10,1978.4,1973.46,1081833,2134957238.8,30775,618193,57.14,2018-05-09,May-2018,0.5770061767621737,Slight Positive
HDFCBANK,EQ,10-May-2018,1978.4,1988.6,1999.0,1982.0,       1985.30,1992.7,1991.88,1792918,3571274019.0,41455,943387,52.62,2018-05-10,May-2018,0.7228063081277769,Slight Positive
HDFCBANK,EQ,11-May-2018,1992.7,1992.7,2017.0,1986.0,       2010.65,2011.75,1999.73,1514267,3028118877.9,49338,879712,58.09,2018-05-11,May-2018,0.9559893611682524,Slight Positive
HDFCBANK,EQ,14-May-2018,2011.75,2017.2,2027.4,2012.4,       2024.00,2021.75,2021.18,1185729,2396569105.7,35034,663572,55.96,2018-05-14,May-2018,0.49707965701504264,Slight or No Change
HDFCBANK,EQ,15-May-2018,2021.75,2027.05,2065.0,2026.7,       2040.25,2037.8,2046.53,2456671,5027645858.0,52626,1289131,52.47,2018-05-15,May-2018,0.7938666996413879,Slight Positive
HDFCBANK,EQ,16-May-2018,2037.8,2030.55,2049.0,2017.15,       2027.50,2023.35,2031.04,1710401,3473886890.25,56061,1109107,64.84,2018-05-16,May-2018,-0.7090980469133368,Slight Negative
HDFCBANK,EQ,17-May-2018,2023.35,2023.85,2044.45,2012.5,       2040.85,2027.75,2022.12,1653869,3344316980.15,28827,747275,45.18,2018-05-17,May-2018,0.21746114117675575,Slight or No Change
HDFCBANK,EQ,18-May-2018,2027.75,2024.7,2024.7,2003.5,       2011.90,2012.15,2014.47,1304365,2627602348.9,47647,660982,50.67,2018-05-18,May-2018,-0.7693256072000887,Slight Negative
HDFCBANK,EQ,21-May-2018,2012.15,2016.1,2021.0,1986.05,       1997.10,1993.05,1993.75,1212027,2416479609.35,37162,711864,58.73,2018-05-21,May-2018,-0.9492334070521635,Slight Negative
HDFCBANK,EQ,22-May-2018,1993.05,1998.7,2013.95,1985.5,       1989.90,1989.9,1997.96,990093,1978165831.95,57895,582922,58.88,2018-05-22,May-2018,-0.1580492210431217,Slight or No Change
HDFCBANK,EQ,23-May-2018,1989.9,1987.8,1994.0,1963.4,       1965.00,1967.5,1976.78,1431573,2829907721.45,43333,733712,51.25,2018-05-23,May-2018,-1.125684707774266,Negative
HDFCBANK,EQ,24-May-2018,1967.5,1967.1,1990.25,1956.35,       1989.20,1986.0,1970.67,1130186,2227221743.05,22930,343874,30.43,2018-05-24,May-2018,0.9402795425667021,Slight Positive
HDFCBANK,EQ,25-May-2018,1986.0,1990.0,2016.0,1989.9,       2008.00,2008.7,2004.87,1189897,2385592681.1,34306,609785,51.25,2018-05-25,May-2018,1.143001007049338,Positve
HDFCBANK,EQ,28-May-2018,2008.7,2007.8,2052.0,2006.0,       2038.25,2042.2,2037.48,1275985,2599796071.15,35912,612923,48.04,2018-05-28,May-2018,1.6677453079105842,Positve
HDFCBANK,EQ,29-May-2018,2042.2,2038.0,2052.7,2028.8,       2031.60,2032.6,2042.07,837811,1710866826.8,37142,336056,40.11,2018-05-29,May-2018,-0.4700812848888569,Slight or No Change
HDFCBANK,EQ,30-May-2018,2032.6,2019.7,2053.0,2016.3,       2050.50,2048.35,2040.97,1216749,2483350965.9,40713,505099,41.51,2018-05-30,May-2018,0.7748696251106857,Slight Positive
HDFCBANK,EQ,31-May-2018,2048.35,2100.0,2160.0,2080.0,       2130.00,2139.45,2118.27,9909798,20991620343.45,172676,4103328,41.41,2018-05-31,May-2018,4.44748211975492,Among Top Gainers
HDFCBANK,EQ,01-Jun-2018,2139.45,2116.0,2138.0,2101.0,       2106.95,2110.6,2116.77,5287839,11193143671.65,99119,1532118,28.97,2018-06-01,Jun-2018,-1.3484774124190801,Negative
HDFCBANK,EQ,04-Jun-2018,2110.6,2150.0,2157.0,2037.95,       2045.00,2046.2,2098.04,22199081,46574473923.0,245711,13914623,62.68,2018-06-04,Jun-2018,-3.051265043115692,Among Top Losers
HDFCBANK,EQ,05-Jun-2018,2046.2,2050.0,2066.95,2023.0,       2064.85,2063.6,2050.5,4276365,8768700389.8,107261,2076336,48.55,2018-06-05,Jun-2018,0.8503567588700855,Slight Positive
HDFCBANK,EQ,06-Jun-2018,2063.6,2060.2,2064.8,2045.0,       2057.40,2057.35,2057.29,2445500,5031101788.0,95270,1579516,64.59,2018-06-06,Jun-2018,-0.30286877301802795,Slight or No Change
HDFCBANK,EQ,07-Jun-2018,2057.35,2073.2,2079.8,2053.2,       2061.90,2062.2,2070.16,2640974,5467251083.65,78397,1574412,59.61,2018-06-07,Jun-2018,0.2357401511653201,Slight or No Change
HDFCBANK,EQ,08-Jun-2018,2062.2,2059.0,2061.25,2035.0,       2048.95,2049.35,2046.16,1545222,3161769178.3,104515,884695,57.25,2018-06-08,Jun-2018,-0.6231209388032122,Slight Negative
HDFCBANK,EQ,11-Jun-2018,2049.35,2051.9,2062.95,2038.8,       2041.75,2042.3,2051.22,1772797,3636404884.75,57753,1138924,64.24,2018-06-11,Jun-2018,-0.34401151584648737,Slight or No Change
HDFCBANK,EQ,12-Jun-2018,2042.3,2051.9,2052.7,2038.4,       2045.00,2043.85,2045.45,1308564,2676605962.7,54586,871913,66.63,2018-06-12,Jun-2018,0.07589482446261897,Slight or No Change
HDFCBANK,EQ,13-Jun-2018,2043.85,2052.0,2054.8,2024.1,       2032.00,2031.45,2034.95,1974490,4017987612.55,103434,1353016,68.52,2018-06-13,Jun-2018,-0.606698143210116,Slight Negative
HDFCBANK,EQ,14-Jun-2018,2031.45,2030.0,2045.0,2025.0,       2035.00,2037.4,2039.58,4231894,8631283806.05,96797,2913891,68.86,2018-06-14,Jun-2018,0.29289423810578974,Slight or No Change
HDFCBANK,EQ,15-Jun-2018,2037.4,2026.0,2038.9,2022.3,       2027.00,2029.6,2031.56,2720204,5526268358.45,90605,1836184,67.5,2018-06-15,Jun-2018,-0.3828408756258117,Slight or No Change
HDFCBANK,EQ,18-Jun-2018,2029.6,2030.1,2038.8,2009.1,       2018.00,2019.15,2019.92,1871851,3780992319.5,86693,1149303,61.4,2018-06-18,Jun-2018,-0.5148797792668414,Slight Negative
HDFCBANK,EQ,19-Jun-2018,2019.15,2024.95,2040.7,2019.3,       2023.00,2023.5,2028.53,2745288,5568904836.0,117626,1709015,62.25,2018-06-19,Jun-2018,0.2154371889161233,Slight or No Change
HDFCBANK,EQ,20-Jun-2018,2023.5,2026.0,2058.0,2025.0,       2056.00,2056.15,2046.34,2262928,4630722761.1,90621,1568971,69.33,2018-06-20,Jun-2018,1.6135408944897511,Positve
HDFCBANK,EQ,21-Jun-2018,2056.15,2060.0,2070.8,2047.05,       2056.55,2057.6,2058.53,3377676,6953041564.4,115968,1771901,52.46,2018-06-21,Jun-2018,0.07052014687642938,Slight or No Change
HDFCBANK,EQ,22-Jun-2018,2057.6,2056.95,2088.8,2049.85,       2082.25,2083.35,2066.71,1962245,4055397420.6,61594,935825,47.69,2018-06-22,Jun-2018,1.2514580093312633,Positve
HDFCBANK,EQ,25-Jun-2018,2083.35,2083.05,2097.8,2073.05,       2094.95,2094.95,2090.83,1748084,3654945764.0,92981,1066469,61.01,2018-06-25,Jun-2018,0.5567955456356355,Slight Positive
HDFCBANK,EQ,26-Jun-2018,2094.95,2086.05,2103.0,2079.85,       2092.00,2093.7,2096.18,2290483,4801266126.5,105856,1488070,64.97,2018-06-26,Jun-2018,-0.05966729516218017,Slight or No Change
HDFCBANK,EQ,27-Jun-2018,2093.7,2093.0,2119.5,2090.0,       2114.90,2112.6,2111.09,4781701,10094601459.25,143081,3797571,79.42,2018-06-27,Jun-2018,0.9027081243731194,Slight Positive
HDFCBANK,EQ,28-Jun-2018,2112.6,2115.0,2140.0,2111.2,       2126.50,2130.85,2127.87,9383385,19966613731.85,164533,6546679,69.77,2018-06-28,Jun-2018,0.8638644324528988,Slight Positive
HDFCBANK,EQ,29-Jun-2018,2130.85,2121.7,2140.0,2105.1,       2111.00,2108.45,2124.32,4864530,10333807329.25,133620,3762199,77.34,2018-06-29,Jun-2018,-1.0512236900767302,Negative
HDFCBANK,EQ,02-Jul-2018,2108.45,2108.35,2108.4,2063.25,       2069.85,2073.25,2078.06,2466219,5124945922.9,118052,1633841,66.25,2018-07-02,Jul-2018,-1.669472835495256,Negative
HDFCBANK,EQ,03-Jul-2018,2073.25,2073.25,2085.0,2065.6,       2070.00,2070.2,2073.27,1715775,3557268417.7,64961,1133429,66.06,2018-07-03,Jul-2018,-0.14711202218740116,Slight or No Change
HDFCBANK,EQ,04-Jul-2018,2070.2,2076.25,2108.05,2069.0,       2100.90,2103.55,2090.23,1524498,3186547034.65,67233,867409,56.9,2018-07-04,Jul-2018,1.6109554632402823,Positve
HDFCBANK,EQ,05-Jul-2018,2103.55,2105.0,2129.0,2092.55,       2120.50,2123.75,2119.49,2433992,5158831728.4,135292,1634932,67.17,2018-07-05,Jul-2018,0.9602814290128547,Slight Positive
HDFCBANK,EQ,06-Jul-2018,2123.75,2113.3,2135.55,2111.35,       2118.00,2115.15,2122.21,2030336,4308795255.8,76333,1394036,68.66,2018-07-06,Jul-2018,-0.40494408475573174,Slight or No Change
HDFCBANK,EQ,09-Jul-2018,2115.15,2121.85,2130.0,2107.75,       2126.40,2125.65,2123.14,1545574,3281471871.25,56861,957033,61.92,2018-07-09,Jul-2018,0.49641869370966596,Slight or No Change
HDFCBANK,EQ,10-Jul-2018,2125.65,2129.9,2149.6,2125.0,       2148.00,2146.4,2144.28,2737684,5870364267.55,80725,1953799,71.37,2018-07-10,Jul-2018,0.976171994448749,Slight Positive
HDFCBANK,EQ,11-Jul-2018,2146.4,2145.05,2155.7,2134.8,       2148.75,2148.25,2148.79,1464480,3146852927.75,63991,828199,56.55,2018-07-11,Jul-2018,0.08619083115914972,Slight or No Change
HDFCBANK,EQ,12-Jul-2018,2148.25,2152.9,2179.85,2152.0,       2163.05,2165.95,2170.17,2005167,4351559174.6,87962,926204,46.19,2018-07-12,Jul-2018,0.8239264517630573,Slight Positive
HDFCBANK,EQ,13-Jul-2018,2165.95,2168.4,2190.8,2163.1,       2181.00,2180.9,2182.75,1790297,3907766215.55,71689,1108502,61.92,2018-07-13,Jul-2018,0.6902283062859338,Slight Positive
HDFCBANK,EQ,16-Jul-2018,2180.9,2179.4,2190.05,2163.75,       2169.00,2168.85,2173.65,2254334,4900127771.25,108838,1668988,74.03,2018-07-16,Jul-2018,-0.5525241872621489,Slight Negative
HDFCBANK,EQ,17-Jul-2018,2168.85,2163.25,2181.0,2163.25,       2179.35,2176.75,2174.09,1590481,3457854302.1,67757,1122147,70.55,2018-07-17,Jul-2018,0.36424833437076476,Slight or No Change
HDFCBANK,EQ,18-Jul-2018,2176.75,2187.0,2220.0,2173.65,       2175.05,2176.2,2197.09,4365068,9590431537.0,171949,2759227,63.21,2018-07-18,Jul-2018,-0.025267026530384484,Slight or No Change
HDFCBANK,EQ,19-Jul-2018,2176.2,2183.0,2193.5,2171.0,       2189.85,2186.1,2183.12,1326194,2895239288.35,64415,577761,43.57,2018-07-19,Jul-2018,0.454921422663368,Slight or No Change
HDFCBANK,EQ,20-Jul-2018,2186.1,2186.1,2202.85,2171.1,       2185.00,2189.05,2181.89,2501741,5458512867.9,106355,1752814,70.06,2018-07-20,Jul-2018,0.13494350670144595,Slight or No Change
HDFCBANK,EQ,23-Jul-2018,2189.05,2150.0,2178.0,2138.05,       2149.70,2156.45,2161.43,4220033,9121307521.05,133259,2430709,57.6,2018-07-23,Jul-2018,-1.4892304881112928,Negative
HDFCBANK,EQ,24-Jul-2018,2156.45,2147.0,2169.0,2147.0,       2162.50,2159.75,2161.82,1302198,2815119558.2,68274,675430,51.87,2018-07-24,Jul-2018,0.1530292842403025,Slight or No Change
HDFCBANK,EQ,25-Jul-2018,2159.75,2164.65,2176.8,2160.0,       2171.50,2170.35,2169.01,1759654,3816707951.15,90191,1050926,59.72,2018-07-25,Jul-2018,0.4907975460122671,Slight or No Change
HDFCBANK,EQ,26-Jul-2018,2170.35,2165.0,2203.45,2165.0,       2197.10,2192.6,2187.34,5320273,11637254767.2,127857,3327638,62.55,2018-07-26,Jul-2018,1.0251802704632995,Positve
HDFCBANK,EQ,27-Jul-2018,2192.6,2201.95,2211.95,2184.7,       2203.05,2202.15,2198.69,2638649,5801564430.6,89804,1858964,70.45,2018-07-27,Jul-2018,0.43555596095961047,Slight or No Change
HDFCBANK,EQ,30-Jul-2018,2202.15,2199.0,2199.0,2159.4,       2164.70,2169.9,2172.52,1792280,3893772394.6,74697,1033733,57.68,2018-07-30,Jul-2018,-1.4644778966010463,Negative
HDFCBANK,EQ,31-Jul-2018,2169.9,2160.0,2185.9,2150.05,       2183.45,2179.5,2166.28,2215236,4798817147.85,98101,1349477,60.92,2018-07-31,Jul-2018,0.4424167012304636,Slight or No Change
HDFCBANK,EQ,01-Aug-2018,2179.5,2162.8,2175.0,2151.7,       2153.70,2158.7,2165.15,1517890,3286456658.0,70160,970508,63.94,2018-08-01,Aug-2018,-0.9543473273686653,Slight Negative
HDFCBANK,EQ,02-Aug-2018,2158.7,2153.5,2153.7,2121.35,       2131.60,2130.2,2133.82,2226426,4750789246.75,99571,1420930,63.82,2018-08-02,Aug-2018,-1.3202390327511915,Negative
HDFCBANK,EQ,03-Aug-2018,2130.2,2133.55,2147.05,2114.0,       2121.25,2121.65,2125.56,3401002,7229046230.4,96409,2509448,73.79,2018-08-03,Aug-2018,-0.401370763308595,Slight or No Change
HDFCBANK,EQ,06-Aug-2018,2121.65,2121.0,2137.4,2106.1,       2114.50,2114.3,2121.83,1436158,3047281357.1,83966,715425,49.82,2018-08-06,Aug-2018,-0.3464284872622625,Slight or No Change
HDFCBANK,EQ,07-Aug-2018,2114.3,2125.0,2134.5,2108.0,       2133.80,2130.9,2122.33,1857114,3941407412.75,90909,1000787,53.89,2018-08-07,Aug-2018,0.7851298302038456,Slight Positive
HDFCBANK,EQ,08-Aug-2018,2130.9,2135.85,2151.8,2133.05,       2137.00,2136.35,2142.56,2486345,5327149222.6,77692,1585046,63.75,2018-08-08,Aug-2018,0.2557604767938315,Slight or No Change
HDFCBANK,EQ,09-Aug-2018,2136.35,2142.0,2142.0,2094.65,       2119.90,2118.5,2113.99,2236102,4727093945.6,87015,958780,42.88,2018-08-09,Aug-2018,-0.8355372481100853,Slight Negative
HDFCBANK,EQ,10-Aug-2018,2118.5,2123.5,2123.8,2098.0,       2115.00,2114.45,2113.08,1360735,2875336118.75,55600,719008,52.84,2018-08-10,Aug-2018,-0.19117299976398883,Slight or No Change
HDFCBANK,EQ,13-Aug-2018,2114.45,2084.0,2103.95,2080.0,       2091.00,2091.65,2086.73,2513563,5245117093.3,125373,1508421,60.01,2018-08-13,Aug-2018,-1.0782945919742604,Negative
HDFCBANK,EQ,14-Aug-2018,2091.65,2098.0,2105.0,2087.2,       2089.30,2089.1,2096.29,1233991,2586799336.6,73903,727048,58.92,2018-08-14,Aug-2018,-0.12191332201850757,Slight or No Change
HDFCBANK,EQ,16-Aug-2018,2089.1,2083.0,2086.7,2066.4,       2075.40,2075.7,2075.3,2656290,5512588625.55,111884,1854512,69.82,2018-08-16,Aug-2018,-0.6414245368819183,Slight Negative
HDFCBANK,EQ,17-Aug-2018,2075.7,2082.9,2093.05,2071.65,       2077.00,2077.35,2083.55,1516332,3159352232.8,61019,1093789,72.13,2018-08-17,Aug-2018,0.07949125596184992,Slight or No Change
HDFCBANK,EQ,20-Aug-2018,2077.35,2075.0,2107.6,2075.0,       2098.30,2096.2,2097.76,1952784,4096467594.9,106058,1192922,61.09,2018-08-20,Aug-2018,0.9074060702336961,Slight Positive
HDFCBANK,EQ,21-Aug-2018,2096.2,2098.0,2112.0,2092.65,       2097.00,2096.05,2102.15,1944080,4086746410.8,68551,1421918,73.14,2018-08-21,Aug-2018,-0.007155805743708221,Slight or No Change
HDFCBANK,EQ,23-Aug-2018,2096.05,2105.0,2107.0,2076.85,       2079.90,2079.9,2089.39,3143638,6568270564.5,106905,2528197,80.42,2018-08-23,Aug-2018,-0.7704968870017481,Slight Negative
HDFCBANK,EQ,24-Aug-2018,2079.9,2071.0,2093.6,2066.05,       2070.00,2069.85,2076.05,2428657,5042021707.4,71991,1808393,74.46,2018-08-24,Aug-2018,-0.48319630751478826,Slight or No Change
HDFCBANK,EQ,27-Aug-2018,2069.85,2077.0,2088.5,2070.25,       2082.95,2080.45,2079.6,3143697,6537626117.3,77365,1913949,60.88,2018-08-27,Aug-2018,0.5121144044254455,Slight Positive
HDFCBANK,EQ,28-Aug-2018,2080.45,2088.0,2098.25,2078.8,       2097.40,2094.85,2085.96,2493383,5201100522.0,56947,1851997,74.28,2018-08-28,Aug-2018,0.6921579465980932,Slight Positive
HDFCBANK,EQ,29-Aug-2018,2094.85,2092.15,2094.05,2072.75,       2082.90,2078.5,2082.02,2468423,5139296267.05,90836,1782109,72.2,2018-08-29,Aug-2018,-0.780485476287085,Slight Negative
HDFCBANK,EQ,30-Aug-2018,2078.5,2083.6,2087.9,2061.85,       2068.00,2066.1,2068.31,5456865,11286474714.35,133557,4345737,79.64,2018-08-30,Aug-2018,-0.5965840750541296,Slight Negative
HDFCBANK,EQ,31-Aug-2018,2066.1,2069.2,2078.75,2058.25,       2059.95,2061.2,2066.01,3942875,8146013033.25,140776,3181673,80.69,2018-08-31,Aug-2018,-0.2371618024297084,Slight or No Change
HDFCBANK,EQ,03-Sep-2018,2061.2,2069.4,2078.95,2063.5,       2073.95,2075.05,2074.56,1915402,3973616594.8,65178,1283227,67.0,2018-09-03,Sep-2018,0.6719386764991508,Slight Positive
HDFCBANK,EQ,04-Sep-2018,2075.05,2076.9,2077.95,2049.0,       2052.05,2051.8,2058.91,1782634,3670291386.7,67279,1256959,70.51,2018-09-04,Sep-2018,-1.120454928796899,Negative
HDFCBANK,EQ,05-Sep-2018,2051.8,2053.8,2060.2,2035.55,       2044.35,2045.85,2044.77,1410377,2883899267.05,73829,797823,56.57,2018-09-05,Sep-2018,-0.289989277707392,Slight or No Change
HDFCBANK,EQ,06-Sep-2018,2045.85,2049.0,2059.0,2032.6,       2050.15,2052.2,2044.28,2600603,5316362856.9,125530,1571661,60.43,2018-09-06,Sep-2018,0.3103844367866593,Slight or No Change
HDFCBANK,EQ,07-Sep-2018,2052.2,2051.0,2060.0,2040.75,       2059.00,2056.95,2049.34,1479825,3032658572.1,78038,879399,59.43,2018-09-07,Sep-2018,0.23145892213234376,Slight or No Change
HDFCBANK,EQ,10-Sep-2018,2056.95,2055.0,2055.0,2025.1,       2039.00,2041.15,2035.83,2149648,4376324619.0,81719,1391506,64.73,2018-09-10,Sep-2018,-0.7681275675149979,Slight Negative
HDFCBANK,EQ,11-Sep-2018,2041.15,2046.3,2048.0,1994.15,       2000.10,2000.4,2016.36,4546634,9167648376.35,134132,3634555,79.94,2018-09-11,Sep-2018,-1.9964235847438894,Negative
HDFCBANK,EQ,12-Sep-2018,2000.4,2001.9,2021.35,1989.55,       2017.80,2011.85,2003.65,3061502,6134193205.65,106281,2063215,67.39,2018-09-12,Sep-2018,0.5723855228954022,Slight Positive
HDFCBANK,EQ,14-Sep-2018,2011.85,2019.85,2037.4,2018.95,       2027.75,2029.6,2025.31,2583668,5232736593.45,104303,1910009,73.93,2018-09-14,Sep-2018,0.8822725352287675,Slight Positive
HDFCBANK,EQ,17-Sep-2018,2029.6,2021.3,2022.95,1988.0,       1991.95,1992.2,1996.62,2334555,4661229732.05,98788,1707061,73.12,2018-09-17,Sep-2018,-1.8427276310603036,Negative
HDFCBANK,EQ,18-Sep-2018,1992.2,1994.9,2009.85,1980.95,       1991.00,1989.2,1996.22,2331434,4654066699.15,119091,1494911,64.12,2018-09-18,Sep-2018,-0.15058729043269103,Slight or No Change
HDFCBANK,EQ,19-Sep-2018,1989.2,1994.85,1998.0,1956.5,       1962.15,1961.35,1972.12,4178066,8239636739.0,158841,2892899,69.24,2018-09-19,Sep-2018,-1.4000603257591004,Negative
HDFCBANK,EQ,21-Sep-2018,1961.35,1973.9,1999.85,1910.2,       1976.00,1970.25,1972.83,5652537,11151516852.75,159768,3618031,64.01,2018-09-21,Sep-2018,0.45376908761822765,Slight or No Change
HDFCBANK,EQ,24-Sep-2018,1970.25,1967.25,1972.2,1915.0,       1922.00,1925.7,1944.39,3347698,6509244678.95,144878,2192667,65.5,2018-09-24,Sep-2018,-2.261134373810425,Negative
HDFCBANK,EQ,25-Sep-2018,1925.7,1925.7,1962.0,1915.0,       1961.70,1952.4,1936.01,4170638,8074408156.7,125022,2492934,59.77,2018-09-25,Sep-2018,1.3865088019940908,Positve
HDFCBANK,EQ,26-Sep-2018,1952.4,1962.95,1978.0,1955.3,       1966.05,1968.2,1966.04,3681681,7238341782.8,145107,2807141,76.25,2018-09-26,Sep-2018,0.8092603974595436,Slight Positive
HDFCBANK,EQ,27-Sep-2018,1968.2,1969.4,1986.0,1955.15,       1978.10,1976.15,1972.52,4588052,9050041001.9,116913,3341974,72.84,2018-09-27,Sep-2018,0.4039223656132629,Slight or No Change
HDFCBANK,EQ,28-Sep-2018,1976.15,1980.65,2015.45,1977.15,       2008.50,2006.05,2002.53,3615179,7239503402.4,106240,2096118,57.98,2018-09-28,Sep-2018,1.513043038230899,Positve
HDFCBANK,EQ,01-Oct-2018,2006.05,2009.8,2042.0,1997.8,       2039.90,2035.45,2020.89,3112397,6289802723.6,137110,2063063,66.29,2018-10-01,Oct-2018,1.4655666608509366,Positve
HDFCBANK,EQ,03-Oct-2018,2035.45,2030.45,2052.2,2007.0,       2031.00,2031.15,2030.01,3833037,7781099199.75,186478,2644623,69.0,2018-10-03,Oct-2018,-0.21125549632758922,Slight or No Change
HDFCBANK,EQ,04-Oct-2018,2031.15,2008.0,2017.8,1943.0,       1945.00,1957.75,1977.74,4492646,8885267601.6,153828,2558885,56.96,2018-10-04,Oct-2018,-3.613716367575026,Among Top Losers
HDFCBANK,EQ,05-Oct-2018,1957.75,1953.95,1990.0,1940.15,       1950.00,1965.3,1969.01,3932295,7742732615.35,128211,2248905,57.19,2018-10-05,Oct-2018,0.3856467884050474,Slight or No Change
HDFCBANK,EQ,08-Oct-2018,1965.3,1965.0,1969.0,1930.0,       1940.00,1945.0,1952.44,5032005,9824668679.65,169225,3483442,69.23,2018-10-08,Oct-2018,-1.0329211825166662,Negative
HDFCBANK,EQ,09-Oct-2018,1945.0,1944.4,1965.0,1930.0,       1945.95,1940.6,1944.92,3114841,6058129369.35,88603,1953889,62.73,2018-10-09,Oct-2018,-0.22622107969152427,Slight or No Change
HDFCBANK,EQ,10-Oct-2018,1940.6,1945.0,1982.25,1935.5,       1968.40,1967.15,1963.16,3984983,7823155390.1,117923,2403363,60.31,2018-10-10,Oct-2018,1.368133566938079,Positve
HDFCBANK,EQ,11-Oct-2018,1967.15,1925.0,1948.3,1917.6,       1941.00,1937.55,1931.15,3589976,6932797361.65,129986,2331832,64.95,2018-10-11,Oct-2018,-1.504714942937757,Negative
HDFCBANK,EQ,12-Oct-2018,1937.55,1945.0,1997.1,1942.0,       1977.00,1981.85,1981.23,2400080,4755112135.3,93778,1539425,64.14,2018-10-12,Oct-2018,2.286392609222987,Positve
HDFCBANK,EQ,15-Oct-2018,1981.85,1990.0,2010.8,1970.3,       2009.70,2008.05,1994.75,3146492,6276455268.6,109332,2245706,71.37,2018-10-15,Oct-2018,1.3219971238993988,Positve
HDFCBANK,EQ,16-Oct-2018,2008.05,2003.0,2018.2,1987.5,       1989.60,1992.75,2002.38,2351501,4708609015.6,97545,1333177,56.69,2018-10-16,Oct-2018,-0.7619332187943528,Slight Negative
HDFCBANK,EQ,17-Oct-2018,1992.75,2006.1,2013.0,1963.5,       1974.65,1974.6,1995.84,1985199,3962136753.1,67208,941791,47.44,2018-10-17,Oct-2018,-0.910801656003013,Slight Negative
HDFCBANK,EQ,19-Oct-2018,1974.6,1958.9,1980.85,1958.0,       1970.00,1967.75,1968.79,2466837,4856687587.7,126597,1527531,61.92,2018-10-19,Oct-2018,-0.34690570242074115,Slight or No Change
HDFCBANK,EQ,22-Oct-2018,1967.75,2014.0,2020.0,1988.6,       1998.30,1998.9,2000.42,5082790,10167706188.25,218564,2846739,56.01,2018-10-22,Oct-2018,1.583026299072543,Positve
HDFCBANK,EQ,23-Oct-2018,1998.9,1973.0,1998.9,1973.0,       1985.00,1984.85,1987.49,4857141,9653520390.95,199917,3793841,78.11,2018-10-23,Oct-2018,-0.7028865876231971,Slight Negative
HDFCBANK,EQ,24-Oct-2018,1984.85,2004.0,2008.8,1972.6,       1992.00,1992.25,1990.39,4518084,8992731522.5,197249,3218397,71.23,2018-10-24,Oct-2018,0.3728241428823331,Slight or No Change
HDFCBANK,EQ,25-Oct-2018,1992.25,1973.6,2003.6,1962.45,       1972.00,1968.8,1975.89,7461764,14743593769.15,154138,5177476,69.39,2018-10-25,Oct-2018,-1.1770611118082641,Negative
HDFCBANK,EQ,26-Oct-2018,1968.8,1968.8,1977.2,1949.0,       1961.20,1961.2,1962.89,3788928,7437246756.5,111281,2779751,73.37,2018-10-26,Oct-2018,-0.3860219422998745,Slight or No Change
HDFCBANK,EQ,29-Oct-2018,1961.2,1964.1,1964.95,1895.2,       1929.90,1926.3,1915.87,4261070,8163669616.85,134982,1911410,44.86,2018-10-29,Oct-2018,-1.7795227411788739,Negative
HDFCBANK,EQ,30-Oct-2018,1926.3,1925.0,1932.0,1899.3,       1912.00,1912.75,1917.66,3457176,6629678175.15,116901,2095481,60.61,2018-10-30,Oct-2018,-0.7034210662928864,Slight Negative
HDFCBANK,EQ,31-Oct-2018,1912.75,1902.05,1917.9,1885.0,       1906.00,1911.75,1899.44,5862351,11135167118.1,175024,4061738,69.29,2018-10-31,Oct-2018,-0.05228074761468582,Slight or No Change
HDFCBANK,EQ,01-Nov-2018,1911.75,1930.0,1930.0,1896.0,       1911.70,1912.2,1911.87,4907263,9382024998.4,156362,2847446,58.03,2018-11-01,Nov-2018,0.023538642604936655,Slight or No Change
HDFCBANK,EQ,02-Nov-2018,1912.2,1926.0,1960.0,1912.0,       1950.00,1949.45,1932.67,7523217,14539874379.75,261775,5270015,70.05,2018-11-02,Nov-2018,1.9480179897500172,Positve
HDFCBANK,EQ,05-Nov-2018,1949.45,1949.9,1959.65,1938.0,       1959.60,1956.0,1949.18,1426324,2780160953.6,81177,663132,46.49,2018-11-05,Nov-2018,0.3359922029290363,Slight or No Change
HDFCBANK,EQ,06-Nov-2018,1956.0,1955.0,1976.0,1942.95,       1948.30,1946.55,1963.84,2121397,4166089811.8,83625,958206,45.17,2018-11-06,Nov-2018,-0.4831288343558282,Slight or No Change
HDFCBANK,EQ,07-Nov-2018,1946.55,1961.0,1964.95,1950.0,       1960.00,1957.95,1957.17,239690,469113468.35,11247,130511,54.45,2018-11-07,Nov-2018,0.5856515373352966,Slight Positive
HDFCBANK,EQ,09-Nov-2018,1957.95,1958.2,1959.9,1936.3,       1943.30,1945.4,1949.37,2525405,4922945328.8,95895,1781131,70.53,2018-11-09,Nov-2018,-0.6409765315763871,Slight Negative
HDFCBANK,EQ,12-Nov-2018,1945.4,1951.5,1962.0,1917.15,       1920.85,1921.05,1935.97,1976941,3827291201.1,74961,1315900,66.56,2018-11-12,Nov-2018,-1.2516706075871409,Negative
HDFCBANK,EQ,13-Nov-2018,1921.05,1919.0,1937.7,1908.2,       1929.55,1927.75,1922.55,3337605,6416714727.7,94849,2478130,74.25,2018-11-13,Nov-2018,0.34876760105151394,Slight or No Change
HDFCBANK,EQ,14-Nov-2018,1927.75,1938.55,1960.0,1936.6,       1959.90,1957.75,1945.75,6527659,12701184438.2,130711,5161560,79.07,2018-11-14,Nov-2018,1.556218389313968,Positve
HDFCBANK,EQ,15-Nov-2018,1957.75,1961.9,1977.3,1931.2,       1973.10,1975.15,1970.02,2598131,5118369305.6,81525,1644704,63.3,2018-11-15,Nov-2018,0.8887753799003972,Slight Positive
HDFCBANK,EQ,16-Nov-2018,1975.15,1981.0,2013.0,1980.0,       2002.80,2004.3,2002.21,3953304,7915327251.4,159078,2739135,69.29,2018-11-16,Nov-2018,1.475837278181391,Positve
HDFCBANK,EQ,19-Nov-2018,2004.3,2011.0,2021.0,2001.9,       2016.10,2013.9,2014.67,3071607,6188263925.5,83092,2360849,76.86,2018-11-19,Nov-2018,0.47897021403982,Slight or No Change
HDFCBANK,EQ,20-Nov-2018,2013.9,2013.0,2019.6,1999.05,       2012.75,2012.45,2011.58,1426292,2869107308.9,85294,741376,51.98,2018-11-20,Nov-2018,-0.0719996027608194,Slight or No Change
HDFCBANK,EQ,21-Nov-2018,2012.45,2012.75,2023.95,2004.0,       2019.45,2018.75,2015.13,1636401,3297556596.95,76850,1053255,64.36,2018-11-21,Nov-2018,0.3130512559318177,Slight or No Change
HDFCBANK,EQ,22-Nov-2018,2018.75,2013.25,2035.0,2000.15,       2006.25,2005.5,2023.07,3243638,6562105543.15,115047,1938559,59.76,2018-11-22,Nov-2018,-0.6563467492260111,Slight Negative
HDFCBANK,EQ,26-Nov-2018,2005.5,2013.9,2052.0,2012.05,       2050.00,2049.8,2040.0,4546109,9274060072.9,165102,3534083,77.74,2018-11-26,Nov-2018,2.208925454998756,Positve
HDFCBANK,EQ,27-Nov-2018,2049.8,2041.05,2067.9,2040.75,       2064.00,2064.0,2056.61,3223860,6630237996.2,120598,2433069,75.47,2018-11-27,Nov-2018,0.6927505122450883,Slight Positive
HDFCBANK,EQ,28-Nov-2018,2064.0,2065.0,2098.6,2060.1,       2091.00,2089.25,2087.01,3255277,6793787378.2,118889,2212588,67.97,2018-11-28,Nov-2018,1.223352713178305,Positve
HDFCBANK,EQ,29-Nov-2018,2089.25,2101.0,2137.4,2094.0,       2132.25,2131.05,2115.77,7977159,16877830185.75,137395,4939239,61.92,2018-11-29,Nov-2018,2.0007179609907944,Positve
HDFCBANK,EQ,30-Nov-2018,2131.05,2130.0,2137.55,2110.0,       2120.45,2128.45,2123.64,3260231,6923545037.8,113720,2370067,72.7,2018-11-30,Nov-2018,-0.12200558410174756,Slight or No Change
HDFCBANK,EQ,03-Dec-2018,2128.45,2131.0,2142.0,2106.9,       2111.50,2113.3,2124.73,2699964,5736686717.7,127153,1880609,69.65,2018-12-03,Dec-2018,-0.7117855716601063,Slight Negative
HDFCBANK,EQ,04-Dec-2018,2113.3,2105.4,2111.0,2078.6,       2086.90,2085.55,2087.81,2039355,4257781100.75,105043,1377607,67.55,2018-12-04,Dec-2018,-1.3131121941986512,Negative
HDFCBANK,EQ,05-Dec-2018,2085.55,2078.0,2105.3,2075.95,       2103.00,2099.2,2095.14,2949711,6180060012.2,126657,2011056,68.18,2018-12-05,Dec-2018,0.6545036081609057,Slight Positive
HDFCBANK,EQ,06-Dec-2018,2099.2,2089.7,2101.65,2085.0,       2096.80,2097.05,2092.75,2932563,6137116154.55,112545,1841640,62.8,2018-12-06,Dec-2018,-0.10241996951217969,Slight or No Change
HDFCBANK,EQ,07-Dec-2018,2097.05,2106.7,2118.0,2080.3,       2115.00,2107.6,2099.32,2475980,5197871655.75,131649,1350610,54.55,2018-12-07,Dec-2018,0.5030876707756038,Slight Positive
HDFCBANK,EQ,10-Dec-2018,2107.6,2065.9,2104.8,2065.9,       2084.50,2088.75,2086.54,2728764,5693679871.65,138891,1801264,66.01,2018-12-10,Dec-2018,-0.8943822357183495,Slight Negative
HDFCBANK,EQ,11-Dec-2018,2088.75,2056.0,2071.3,2032.0,       2056.15,2059.55,2051.47,4726445,9696150473.75,241564,2468088,52.22,2018-12-11,Dec-2018,-1.397965290245351,Negative
HDFCBANK,EQ,12-Dec-2018,2059.55,2066.95,2089.8,2060.1,       2084.60,2085.3,2078.41,2842622,5908146554.45,146407,1922295,67.62,2018-12-12,Dec-2018,1.2502731179141024,Positve
HDFCBANK,EQ,13-Dec-2018,2085.3,2095.0,2125.0,2091.3,       2100.00,2101.3,2106.01,1766059,3719335180.8,105301,772172,43.72,2018-12-13,Dec-2018,0.7672756917469936,Slight Positive
HDFCBANK,EQ,14-Dec-2018,2101.3,2104.9,2118.0,2088.05,       2095.10,2095.7,2100.36,1539571,3233650712.4,86089,779545,50.63,2018-12-14,Dec-2018,-0.2665016894303651,Slight or No Change
HDFCBANK,EQ,17-Dec-2018,2095.7,2104.0,2132.6,2099.0,       2128.50,2130.2,2120.53,2109331,4472890885.35,86084,1367963,64.85,2018-12-17,Dec-2018,1.6462279906475086,Positve
HDFCBANK,EQ,18-Dec-2018,2130.2,2124.0,2139.0,2102.6,       2138.10,2135.45,2120.42,1853492,3930178580.25,73591,830866,44.83,2018-12-18,Dec-2018,0.24645573185615444,Slight or No Change
HDFCBANK,EQ,19-Dec-2018,2135.45,2133.1,2159.4,2113.55,       2123.00,2123.45,2129.21,2252474,4795995431.55,118427,1162216,51.6,2018-12-19,Dec-2018,-0.561942447727648,Slight Negative
HDFCBANK,EQ,20-Dec-2018,2123.45,2112.55,2140.45,2102.65,       2138.00,2137.45,2119.71,1995119,4229074553.65,108131,779492,39.07,2018-12-20,Dec-2018,0.6593044338223164,Slight Positive
HDFCBANK,EQ,21-Dec-2018,2137.45,2134.0,2149.1,2109.05,       2111.15,2111.15,2126.59,2555077,5433609822.6,146305,1500441,58.72,2018-12-21,Dec-2018,-1.2304381389038221,Negative
HDFCBANK,EQ,24-Dec-2018,2111.15,2104.0,2104.0,2077.35,       2083.00,2080.65,2088.5,1400372,2924675632.5,65118,767268,54.79,2018-12-24,Dec-2018,-1.4447102290220948,Negative
HDFCBANK,EQ,26-Dec-2018,2080.65,2077.0,2127.0,2069.0,       2124.80,2122.35,2093.35,1900479,3978376727.0,77934,884634,46.55,2018-12-26,Dec-2018,2.0041813856246815,Positve
HDFCBANK,EQ,27-Dec-2018,2122.35,2133.0,2138.2,2098.45,       2107.00,2105.05,2115.65,2909967,6156462276.7,101521,1011944,34.78,2018-12-27,Dec-2018,-0.815134167314524,Slight Negative
HDFCBANK,EQ,28-Dec-2018,2105.05,2117.35,2137.75,2115.5,       2124.00,2122.9,2124.98,2353903,5001999453.5,104735,1130711,48.04,2018-12-28,Dec-2018,0.8479608560366669,Slight Positive
HDFCBANK,EQ,31-Dec-2018,2122.9,2137.0,2137.0,2116.7,       2121.85,2121.7,2124.35,1466632,3115638472.7,71843,794268,54.16,2018-12-31,Dec-2018,-0.0565264496679152,Slight or No Change
HDFCBANK,EQ,01-Jan-2019,2121.7,2127.65,2151.0,2105.6,       2149.00,2148.1,2131.37,1593360,3396043277.4,50308,792410,49.73,2019-01-01,Jan-2019,1.2442852429655593,Positve
HDFCBANK,EQ,02-Jan-2019,2148.1,2142.8,2147.5,2119.7,       2127.00,2128.5,2132.45,2033558,4336463537.4,95751,998186,49.09,2019-01-02,Jan-2019,-0.9124342442158095,Slight Negative
HDFCBANK,EQ,03-Jan-2019,2128.5,2124.2,2128.25,2103.0,       2110.00,2111.8,2112.75,3192916,6745826356.05,129992,2037811,63.82,2019-01-03,Jan-2019,-0.7845900869156597,Slight Negative
HDFCBANK,EQ,04-Jan-2019,2111.8,2115.25,2128.5,2110.35,       2118.85,2117.45,2119.55,1821780,3861355797.55,71863,990354,54.36,2019-01-04,Jan-2019,0.2675442750260215,Slight or No Change
HDFCBANK,EQ,07-Jan-2019,2117.45,2127.7,2135.35,2118.0,       2120.50,2120.65,2128.37,1346753,2866387728.65,51524,763086,56.66,2019-01-07,Jan-2019,0.15112517414817006,Slight or No Change
HDFCBANK,EQ,08-Jan-2019,2120.65,2122.0,2123.5,2096.65,       2102.90,2103.0,2105.77,2085865,4392343434.15,63105,1156791,55.46,2019-01-08,Jan-2019,-0.8322919859477085,Slight Negative
HDFCBANK,EQ,09-Jan-2019,2103.0,2118.0,2121.35,2102.6,       2116.80,2116.8,2112.62,2142157,4525566666.15,86929,1494458,69.76,2019-01-09,Jan-2019,0.6562054208274049,Slight Positive
HDFCBANK,EQ,10-Jan-2019,2116.8,2117.0,2123.8,2092.65,       2106.60,2108.5,2114.87,1922885,4066660283.85,79438,1122621,58.38,2019-01-10,Jan-2019,-0.3921012849584349,Slight or No Change
HDFCBANK,EQ,11-Jan-2019,2108.5,2113.8,2124.0,2108.0,       2115.00,2111.9,2114.59,1602010,3387596238.95,68529,867953,54.18,2019-01-11,Jan-2019,0.16125207493478122,Slight or No Change
HDFCBANK,EQ,14-Jan-2019,2111.9,2109.9,2109.9,2098.45,       2104.90,2101.65,2102.69,1213790,2552219684.45,58066,817354,67.34,2019-01-14,Jan-2019,-0.4853449500449858,Slight or No Change
HDFCBANK,EQ,15-Jan-2019,2101.65,2105.05,2126.5,2102.0,       2117.00,2121.9,2118.86,1271889,2694949646.95,55681,724280,56.95,2019-01-15,Jan-2019,0.9635286560559564,Slight Positive
HDFCBANK,EQ,16-Jan-2019,2121.9,2120.05,2125.0,2108.25,       2117.00,2120.2,2118.69,1313113,2782077967.0,72148,910308,69.32,2019-01-16,Jan-2019,-0.08011687638438403,Slight or No Change
HDFCBANK,EQ,17-Jan-2019,2120.2,2125.25,2135.9,2113.35,       2130.40,2132.3,2124.86,2060057,4377341580.55,77528,1170828,56.83,2019-01-17,Jan-2019,0.5707008772757538,Slight Positive
HDFCBANK,EQ,18-Jan-2019,2132.3,2135.0,2139.0,2114.55,       2130.00,2130.25,2128.13,1301994,2770812571.25,67451,665655,51.13,2019-01-18,Jan-2019,-0.0961403179665199,Slight or No Change
HDFCBANK,EQ,21-Jan-2019,2130.25,2139.95,2166.5,2126.5,       2145.40,2148.15,2151.51,4390378,9445947630.45,144556,1638668,37.32,2019-01-21,Jan-2019,0.8402769627978035,Slight Positive
HDFCBANK,EQ,22-Jan-2019,2148.15,2146.0,2146.8,2129.05,       2132.25,2135.85,2136.85,2199244,4699456324.45,119550,1304339,59.31,2019-01-22,Jan-2019,-0.5725857132881873,Slight Negative
HDFCBANK,EQ,23-Jan-2019,2135.85,2134.0,2135.85,2101.45,       2106.95,2105.4,2123.27,1906072,4047104726.75,85545,1264167,66.32,2019-01-23,Jan-2019,-1.4256619144602745,Negative
HDFCBANK,EQ,24-Jan-2019,2105.4,2110.0,2121.65,2097.9,       2098.60,2102.25,2109.73,2527893,5333167868.85,141995,1465573,57.98,2019-01-24,Jan-2019,-0.14961527500713112,Slight or No Change
HDFCBANK,EQ,25-Jan-2019,2102.25,2093.0,2110.0,2090.0,       2092.05,2096.0,2102.2,2815559,5918870073.55,109171,1684610,59.83,2019-01-25,Jan-2019,-0.2973005113568794,Slight or No Change
HDFCBANK,EQ,28-Jan-2019,2096.0,2090.0,2102.05,2076.75,       2087.00,2084.15,2090.88,3840109,8029190019.85,170502,2636056,68.65,2019-01-28,Jan-2019,-0.5653625954198382,Slight Negative
HDFCBANK,EQ,29-Jan-2019,2084.15,2078.25,2083.0,2053.0,       2059.40,2057.6,2067.93,3690697,7632110523.3,124666,2636216,71.43,2019-01-29,Jan-2019,-1.2739006309526735,Negative
HDFCBANK,EQ,30-Jan-2019,2057.6,2057.25,2057.25,2028.0,       2033.50,2034.7,2035.54,4628540,9421572630.55,197593,3817215,82.47,2019-01-30,Jan-2019,-1.112947122861585,Negative
HDFCBANK,EQ,31-Jan-2019,2034.7,2031.0,2089.75,2022.0,       2073.00,2079.95,2060.96,4144851,8542369085.8,155825,2238129,54.0,2019-01-31,Jan-2019,2.223915073475191,Positve
HDFCBANK,EQ,01-Feb-2019,2079.95,2079.95,2117.0,2076.6,       2095.75,2090.45,2099.48,3913547,8216405021.45,116055,2360380,60.31,2019-02-01,Feb-2019,0.504819827399694,Slight Positive
HDFCBANK,EQ,04-Feb-2019,2090.45,2095.0,2113.0,2082.65,       2098.55,2104.9,2097.57,1984572,4162769920.2,145764,1156072,58.25,2019-02-04,Feb-2019,0.6912387285034516,Slight Positive
HDFCBANK,EQ,05-Feb-2019,2104.9,2108.0,2119.0,2097.0,       2115.00,2114.05,2110.78,2172572,4585820145.8,73303,1548389,71.27,2019-02-05,Feb-2019,0.4346999857475442,Slight or No Change
HDFCBANK,EQ,06-Feb-2019,2114.05,2116.25,2127.0,2113.6,       2122.00,2122.65,2120.9,2718921,5766554240.8,106255,1880675,69.17,2019-02-06,Feb-2019,0.40680210969465946,Slight or No Change
HDFCBANK,EQ,07-Feb-2019,2122.65,2125.05,2130.0,2105.85,       2110.90,2117.25,2122.39,1804327,3829487756.5,80400,1025176,56.82,2019-02-07,Feb-2019,-0.25439898240406933,Slight or No Change
HDFCBANK,EQ,08-Feb-2019,2117.25,2112.0,2144.95,2106.65,       2117.00,2122.65,2126.16,3058911,6503720043.85,98707,2028984,66.33,2019-02-08,Feb-2019,0.25504782146652527,Slight or No Change
HDFCBANK,EQ,11-Feb-2019,2122.65,2113.3,2142.9,2113.3,       2139.00,2139.65,2132.18,1759091,3750705910.6,75240,985040,56.0,2019-02-11,Feb-2019,0.8008856853461532,Slight Positive
HDFCBANK,EQ,12-Feb-2019,2139.65,2138.0,2148.0,2124.8,       2130.05,2129.7,2137.61,2443097,5222380330.05,140474,1613693,66.05,2019-02-12,Feb-2019,-0.4650293272264294,Slight or No Change
HDFCBANK,EQ,13-Feb-2019,2129.7,2135.55,2155.0,2132.3,       2140.00,2143.45,2146.54,2360187,5066246582.8,110054,1517418,64.29,2019-02-13,Feb-2019,0.6456308400244248,Slight Positive
HDFCBANK,EQ,14-Feb-2019,2143.45,2140.0,2140.0,2105.6,       2112.00,2110.2,2117.31,1860347,3938937722.7,142536,1120383,60.22,2019-02-14,Feb-2019,-1.5512374909608329,Negative
HDFCBANK,EQ,15-Feb-2019,2110.2,2107.35,2108.1,2078.2,       2100.70,2100.65,2091.52,2104131,4400828253.75,89754,1316023,62.54,2019-02-15,Feb-2019,-0.45256373803429506,Slight or No Change
HDFCBANK,EQ,18-Feb-2019,2100.65,2106.8,2118.0,2086.0,       2089.70,2089.9,2098.16,1784686,3744564837.75,74022,1166319,65.35,2019-02-18,Feb-2019,-0.5117463642205999,Slight Negative
HDFCBANK,EQ,19-Feb-2019,2089.9,2089.7,2108.15,2078.2,       2083.45,2084.05,2095.84,1317159,2760560754.0,76740,794974,60.36,2019-02-19,Feb-2019,-0.2799176994114472,Slight or No Change
HDFCBANK,EQ,20-Feb-2019,2084.05,2088.5,2111.0,2081.9,       2109.00,2108.35,2095.02,1223125,2562466713.25,74227,678764,55.49,2019-02-20,Feb-2019,1.1659988963796275,Positve
HDFCBANK,EQ,21-Feb-2019,2108.35,2101.7,2119.95,2093.6,       2115.70,2115.9,2106.26,1315386,2770549994.85,66123,737862,56.09,2019-02-21,Feb-2019,0.3580999359688919,Slight or No Change
HDFCBANK,EQ,22-Feb-2019,2115.9,2119.4,2128.1,2089.1,       2091.00,2091.45,2099.68,2222677,4666916025.0,91486,1580811,71.12,2019-02-22,Feb-2019,-1.1555366510704768,Negative
HDFCBANK,EQ,25-Feb-2019,2091.45,2095.15,2129.95,2095.15,       2123.00,2125.4,2113.52,2035149,4301319701.45,101852,1337157,65.7,2019-02-25,Feb-2019,1.6232757178034518,Positve
HDFCBANK,EQ,26-Feb-2019,2125.4,2111.25,2125.0,2101.1,       2109.00,2110.65,2113.91,2401857,5077309232.0,80521,1419919,59.12,2019-02-26,Feb-2019,-0.6939870142090854,Slight Negative
HDFCBANK,EQ,27-Feb-2019,2110.65,2116.1,2124.45,2088.15,       2093.00,2092.25,2099.89,1757523,3690596308.9,78384,885846,50.4,2019-02-27,Feb-2019,-0.8717693601497212,Slight Negative
HDFCBANK,EQ,28-Feb-2019,2092.25,2093.1,2105.85,2073.2,       2076.90,2077.55,2089.8,2911344,6084140082.45,85218,1874085,64.37,2019-02-28,Feb-2019,-0.7025929023778188,Slight Negative
HDFCBANK,EQ,01-Mar-2019,2077.55,2086.25,2100.9,2077.0,       2080.00,2083.35,2087.11,2338232,4880142636.85,106043,1494433,63.91,2019-03-01,Mar-2019,0.27917498977159116,Slight or No Change
HDFCBANK,EQ,05-Mar-2019,2083.35,2088.9,2111.1,2070.0,       2107.00,2107.1,2085.84,2959319,6172679648.4,169911,1989745,67.24,2019-03-05,Mar-2019,1.1399908800729497,Positve
HDFCBANK,EQ,06-Mar-2019,2107.1,2110.0,2110.3,2090.55,       2103.15,2104.25,2098.7,2114511,4437716881.25,91985,1439516,68.08,2019-03-06,Mar-2019,-0.13525698827772104,Slight or No Change
HDFCBANK,EQ,07-Mar-2019,2104.25,2109.6,2130.0,2095.0,       2125.20,2126.5,2112.14,2551213,5388507260.25,104364,1661976,65.14,2019-03-07,Mar-2019,1.0573838659855062,Positve
HDFCBANK,EQ,08-Mar-2019,2126.5,2115.05,2130.0,2109.45,       2129.00,2128.2,2118.36,1763365,3735433351.4,102091,1091867,61.92,2019-03-08,Mar-2019,0.07994356924523327,Slight or No Change
HDFCBANK,EQ,11-Mar-2019,2128.2,2132.0,2143.7,2122.2,       2127.50,2128.45,2131.9,2306027,4916219772.55,81824,1521179,65.97,2019-03-11,Mar-2019,0.011747016257879217,Slight or No Change
HDFCBANK,EQ,12-Mar-2019,2128.45,2147.0,2175.0,2137.0,       2168.00,2171.0,2154.73,3774323,8132629564.25,119425,2437537,64.58,2019-03-12,Mar-2019,1.9991073316263153,Positve
HDFCBANK,EQ,13-Mar-2019,2171.0,2175.0,2234.0,2172.1,       2229.00,2226.55,2206.86,14291587,31539499506.0,226692,10926747,76.46,2019-03-13,Mar-2019,2.5587286964532607,Positve
HDFCBANK,EQ,14-Mar-2019,2226.55,2244.85,2247.5,2210.6,       2223.05,2224.75,2225.44,3844966,8556754695.15,136351,2318618,60.3,2019-03-14,Mar-2019,-0.08084255911613436,Slight or No Change
HDFCBANK,EQ,15-Mar-2019,2224.75,2231.0,2259.9,2228.05,       2258.00,2253.0,2247.38,3190772,7170888264.5,155151,1979190,62.03,2019-03-15,Mar-2019,1.269805596134388,Positve
HDFCBANK,EQ,18-Mar-2019,2253.0,2261.9,2291.65,2247.0,       2270.00,2261.45,2266.32,3589680,8135378380.9,186267,2144212,59.73,2019-03-18,Mar-2019,0.37505548158009994,Slight or No Change
HDFCBANK,EQ,19-Mar-2019,2261.45,2269.5,2275.9,2251.0,       2268.00,2267.75,2262.32,2989498,6763202098.5,149528,2024488,67.72,2019-03-19,Mar-2019,0.27858232549913264,Slight or No Change
HDFCBANK,EQ,20-Mar-2019,2267.75,2269.0,2300.0,2261.05,       2299.00,2299.0,2287.11,2927998,6696660989.55,154406,1770484,60.47,2019-03-20,Mar-2019,1.3780178591114467,Positve
HDFCBANK,EQ,22-Mar-2019,2299.0,2300.0,2307.0,2270.8,       2275.10,2276.15,2284.13,7600970,17361577310.25,136216,2085675,27.44,2019-03-22,Mar-2019,-0.9939103958242712,Slight Negative
HDFCBANK,EQ,25-Mar-2019,2276.15,2260.0,2287.85,2253.0,       2278.00,2281.3,2270.95,2299815,5222754084.55,103519,1528011,66.44,2019-03-25,Mar-2019,0.22625925356414278,Slight or No Change
HDFCBANK,EQ,26-Mar-2019,2281.3,2275.9,2315.0,2272.6,       2313.50,2311.35,2293.76,2946712,6759060898.4,106093,1878614,63.75,2019-03-26,Mar-2019,1.3172314031473231,Positve
HDFCBANK,EQ,27-Mar-2019,2311.35,2318.55,2328.05,2279.05,       2301.00,2299.45,2306.72,3471325,8007363872.95,186247,2016772,58.1,2019-03-27,Mar-2019,-0.5148506284206267,Slight Negative
HDFCBANK,EQ,28-Mar-2019,2299.45,2298.8,2325.0,2287.85,       2308.00,2302.8,2304.15,4888582,11264012692.85,149850,3132999,64.09,2019-03-28,Mar-2019,0.14568701211161716,Slight or No Change
HDFCBANK,EQ,29-Mar-2019,2302.8,2304.6,2325.0,2294.0,       2316.00,2318.9,2308.98,2986742,6896338338.65,116289,1706050,57.12,2019-03-29,Mar-2019,0.6991488622546393,Slight Positive
HDFCBANK,EQ,01-Apr-2019,2318.9,2325.25,2332.0,2304.6,       2306.85,2311.8,2320.63,2411769,5596835494.0,131919,1528605,63.38,2019-04-01,Apr-2019,-0.3061796541463546,Slight or No Change
HDFCBANK,EQ,02-Apr-2019,2311.8,2320.0,2320.0,2285.45,       2299.00,2294.85,2296.22,2727624,6263235078.1,128611,1622376,59.48,2019-04-02,Apr-2019,-0.7331949130547688,Slight Negative
HDFCBANK,EQ,03-Apr-2019,2294.85,2292.1,2316.0,2288.25,       2289.00,2292.75,2303.77,1914863,4411401349.85,87245,1110816,58.01,2019-04-03,Apr-2019,-0.0915092489705116,Slight or No Change
HDFCBANK,EQ,04-Apr-2019,2292.75,2292.75,2313.0,2280.0,       2287.80,2283.95,2293.66,2302888,5282042066.4,91238,1254011,54.45,2019-04-04,Apr-2019,-0.38381855849962676,Slight or No Change
HDFCBANK,EQ,05-Apr-2019,2283.95,2287.8,2313.75,2282.0,       2310.00,2305.6,2293.19,2087795,4787701075.3,109654,1253299,60.03,2019-04-05,Apr-2019,0.9479191751132987,Slight Positive
HDFCBANK,EQ,08-Apr-2019,2305.6,2319.0,2322.95,2280.1,       2289.20,2289.4,2298.32,1599533,3676237090.6,84319,911001,56.95,2019-04-08,Apr-2019,-0.7026370575988872,Slight Negative
HDFCBANK,EQ,09-Apr-2019,2289.4,2296.6,2303.0,2267.0,       2290.00,2287.25,2283.13,2694400,6151660741.4,97805,1860351,69.05,2019-04-09,Apr-2019,-0.0939110684022082,Slight or No Change
HDFCBANK,EQ,10-Apr-2019,2287.25,2250.0,2284.0,2231.0,       2236.90,2237.35,2244.54,27032175,60674893006.85,194475,12397749,45.86,2019-04-10,Apr-2019,-2.1816591977265265,Negative
HDFCBANK,EQ,11-Apr-2019,2237.35,2244.9,2263.0,2236.95,       2258.60,2257.5,2252.26,2198325,4951203521.8,82062,1148516,52.25,2019-04-11,Apr-2019,0.9006190359130306,Slight Positive
HDFCBANK,EQ,12-Apr-2019,2257.5,2252.1,2272.2,2252.1,       2257.00,2265.25,2262.61,2292611,5187293679.6,107144,1507969,65.78,2019-04-12,Apr-2019,0.3433001107419731,Slight or No Change
HDFCBANK,EQ,15-Apr-2019,2265.25,2270.0,2292.9,2264.35,       2280.30,2288.8,2281.07,2554945,5828016960.0,115323,1827587,71.53,2019-04-15,Apr-2019,1.0396203509546398,Positve
HDFCBANK,EQ,16-Apr-2019,2288.8,2290.95,2309.9,2280.3,       2307.00,2305.05,2297.97,2068444,4753214286.65,93271,1228448,59.39,2019-04-16,Apr-2019,0.7099790283117802,Slight Positive
HDFCBANK,EQ,18-Apr-2019,2305.05,2313.0,2315.05,2288.0,       2293.00,2293.65,2303.58,2653714,6113045771.7,113419,1811847,68.28,2019-04-18,Apr-2019,-0.4945662783887639,Slight or No Change
HDFCBANK,EQ,22-Apr-2019,2293.65,2325.0,2325.0,2261.0,       2266.90,2268.7,2286.36,5245105,11992211756.9,153509,2221248,42.35,2019-04-22,Apr-2019,-1.0877858435245247,Negative
HDFCBANK,EQ,23-Apr-2019,2268.7,2277.55,2290.0,2241.6,       2247.30,2245.3,2264.62,3820600,8652194438.25,157421,2121251,55.52,2019-04-23,Apr-2019,-1.0314276898664265,Negative
HDFCBANK,EQ,24-Apr-2019,2245.3,2250.0,2283.9,2247.05,       2280.95,2279.75,2263.98,3088532,6992369872.3,168685,1846136,59.77,2019-04-24,Apr-2019,1.534316127020885,Positve
HDFCBANK,EQ,25-Apr-2019,2279.75,2286.9,2298.8,2257.95,       2262.25,2263.45,2274.13,4521659,10282833886.8,129865,3059269,67.66,2019-04-25,Apr-2019,-0.7149906788025073,Slight Negative
HDFCBANK,EQ,26-Apr-2019,2263.45,2265.9,2285.0,2256.9,       2275.80,2280.95,2270.33,2926892,6645017406.0,121538,2070242,70.73,2019-04-26,Apr-2019,0.7731560228854129,Slight Positive
HDFCBANK,EQ,30-Apr-2019,2280.95,2285.0,2320.0,2278.4,       2319.00,2317.45,2306.89,3134209,7230268668.8,189638,1946319,62.1,2019-04-30,Apr-2019,1.6002104386330318,Positve
HDFCBANK,EQ,02-May-2019,2317.45,2323.5,2359.65,2317.5,       2356.00,2355.8,2345.11,4292325,10065974310.35,173788,2770290,64.54,2019-05-02,May-2019,1.6548361345444462,Positve
HDFCBANK,EQ,03-May-2019,2355.8,2364.2,2378.0,2356.5,       2365.00,2367.95,2370.96,3087880,7321238483.25,97641,2009621,65.08,2019-05-03,May-2019,0.5157483657356243,Slight Positive
HDFCBANK,EQ,06-May-2019,2367.95,2348.0,2351.9,2317.05,       2327.90,2328.45,2338.56,3437023,8037675313.8,111177,2333530,67.89,2019-05-06,May-2019,-1.6681095462319773,Negative
HDFCBANK,EQ,07-May-2019,2328.45,2351.9,2358.0,2318.0,       2320.10,2322.35,2338.9,2481051,5802928079.35,114540,1326590,53.47,2019-05-07,May-2019,-0.2619768515536025,Slight or No Change
HDFCBANK,EQ,08-May-2019,2322.35,2322.55,2323.8,2288.0,       2309.00,2307.25,2304.51,3016052,6950517705.45,101965,1942147,64.39,2019-05-08,May-2019,-0.6502034577044791,Slight Negative
HDFCBANK,EQ,09-May-2019,2307.25,2300.0,2300.0,2271.6,       2292.00,2290.9,2287.67,2256931,5163123992.15,129719,1470611,65.16,2019-05-09,May-2019,-0.708635821865855,Slight Negative
HDFCBANK,EQ,10-May-2019,2290.9,2291.35,2324.9,2291.35,       2296.50,2296.5,2306.93,2648550,6110007945.3,79307,1542118,58.22,2019-05-10,May-2019,0.2444454144659325,Slight or No Change
HDFCBANK,EQ,13-May-2019,2296.5,2296.05,2313.35,2280.0,       2287.30,2287.2,2297.73,2767908,6359892195.65,145875,1652663,59.71,2019-05-13,May-2019,-0.4049640757674777,Slight or No Change
